year,BRA_03_f08,BRA_03_f10,BRA_03_f15,BRA_03_p10,BRA_12_f08,BRA_12_f10,BRA_12_f15,BRA_12_p10,ETH_03_f08,ETH_03_f10,ETH_03_f15,ETH_03_p10,ETH_12_f08,ETH_12_f10,ETH_12_f15,ETH_12_p10,SOM_03_f08,SOM_03_f10,SOM_03_f15,SOM_03_p10,SOM_12_f08,SOM_12_f10,SOM_12_f15,SOM_12_p10
1950,0.12097812097812098,0.07464607464607464,0.0,-0.8690164446830749,0.0888030888030888,0.05019305019305019,0.02252252252252252,-0.7370525201161703,0.4875688937265674,0.4038597764301387,0.21000708374367213,-1.9457285106182098,0.11013205710764411,0.05874324020802017,0.01028006703640353,-0.8242825388908386,0.3513777669180448,0.2919022179770539,0.1360662838610794,-1.7936919530232747,0.238035474305008,0.1813476681808591,0.0793229450114953,-1.4218082484967283
1951,0.21042471042471042,0.1628056628056628,0.043758043758043756,-1.1412174552679062,0.16731016731016732,0.12033462033462033,0.04247104247104247,-1.1110153198242188,0.0,0.0,0.0,0.4784291386604309,0.12776654745244387,0.11601789941083984,0.08517769830162926,-1.2199391722679138,0.05091240267889869,0.04243810877750259,0.014149738440863204,-0.1342032253742218,0.0,0.0,0.0,0.6119647026062012
1952,0.06692406692406692,0.032175032175032175,0.002574002574002574,-0.7346181464195252,0.1583011583011583,0.1138996138996139,0.01673101673101673,-1.0547553168402777,0.490442705183803,0.4067393470285711,0.22318399880209866,-1.9866705735524495,0.39059071511256244,0.29807011178493065,0.10129177537045679,-1.5160689167736838,0.4164954407632418,0.37115852371802704,0.2322711774048447,-1.8298544713429041,0.484545242511412,0.3995135333251885,0.18412430445261402,-1.6597573637962342
1953,0.05276705276705277,0.02895752895752896,0.0019305019305019305,-0.5124993324279785,0.027670527670527672,0.009009009009009009,0.0,-0.387238857421008,0.3054360533757206,0.24816139417290095,0.0528631570460213,-1.3606393356345066,0.4537569757597747,0.3788938993417301,0.18504120665526355,-1.7633678118387859,0.4504703621844353,0.35978542154891885,0.0878083454579784,-1.493156651655833,0.5212523740240125,0.41645101458289374,0.18411319790752692,-1.6757259666919708
1954,0.04954954954954955,0.03153153153153153,0.0006435006435006435,-0.4848940372467041,0.07464607464607464,0.055984555984555984,0.02445302445302445,-0.6368831098079681,0.43758530727897854,0.3700305810397554,0.16004653386087064,-1.7135390043258667,0.3186072092929503,0.259869728226127,0.13065187719207313,-1.6113194972276688,0.4872996656929928,0.43911947310550103,0.19549740662172227,-1.6388614007404871,0.620422715106012,0.5552495085353799,0.2549396359274521,-1.8839151859283447
1955,0.13320463320463322,0.07207207207207207,0.0,-0.8969081044197083,0.008365508365508366,0.002574002574002574,0.0,-0.24112290889024734,0.5594602532870299,0.4772197169958016,0.21581229807011182,-1.8197349707285564,0.4757338585670105,0.4360821714265969,0.364127461312969,-2.290187120437622,0.8895898352899363,0.8272710108066683,0.5126559081266592,-2.1424510955810545,0.8526938925108567,0.8300143274431623,0.7251907549118696,-2.45512055883587
1956,0.05276705276705277,0.04247104247104247,0.01866151866151866,-0.11110672603050868,0.06885456885456885,0.059202059202059204,0.03796653796653797,-0.0999298021197319,0.1262922073060465,0.09692634634323329,0.017622972062406053,-0.9887441794077555,0.25111583360689255,0.19238411168126607,0.09692634634323329,-1.4895801842212677,0.11616335506513993,0.053844530581871906,0.005675444539467109,-0.8565780558818399,0.3116385485966881,0.22948343458800277,0.07651298910447929,-1.4145519018173218
1957,0.26705276705276704,0.15508365508365507,0.006435006435006435,-1.1090543270111084,0.22072072072072071,0.1435006435006435,0.035392535392535396,-1.1122850179672241,0.3480133842441415,0.2613728640785086,0.14976070768327027,-1.9520139296849568,0.11159487897164776,0.06754320795682948,0.016154391057205546,-0.8285775482654572,0.20110621189066719,0.16712018392438668,0.1019580838988416,-1.5535142421722412,0.03967257905083466,0.019825182980330314,0.0,-0.5175854499128406
1958,0.2606177606177606,0.212998712998713,0.0933075933075933,-1.4825302613408942,0.31467181467181465,0.28185328185328185,0.18018018018018017,-1.9504369974136353,0.48601392560341405,0.3920362595529755,0.20702384860369624,-1.8227035701274872,0.37733893121857676,0.2877785264661334,0.12185190944326382,-1.5794656370973827,0.8554594222375246,0.7279451780934506,0.4305007941179738,-2.1384713649749756,0.7138509723780224,0.5552161889001188,0.23513666603729577,-1.6943273982471059
1959,0.13706563706563707,0.10167310167310167,0.05019305019305019,-1.015342116355896,0.11454311454311454,0.07078507078507079,0.015444015444015444,-0.8617865592241287,0.09692634634323329,0.06902330724442371,0.014685810052005043,-0.7547436555226644,0.4228707015209892,0.32303598887333923,0.16885226075087684,-1.8185301224390666,0.3144596110487911,0.2606150804669192,0.08496506991570134,-1.4600401163101195,0.7081644212934682,0.5438541932760976,0.24925308484289796,-1.9226045846939086
1960,0.11196911196911197,0.09073359073359073,0.04633204633204633,-0.918549470603466,0.14414414414414414,0.11454311454311454,0.032175032175032175,-1.1104546387990315,0.4390538882841791,0.32011034514533193,0.06461756422882219,-1.3871146765622226,0.2995617293549186,0.18060666793367774,0.039651687140413616,-1.165627224104745,0.32294501149527427,0.2549396359274521,0.03399713451136756,-1.2857738137245178,0.23793551539922478,0.13879849395248625,0.002832168997190045,-1.1007108688354492
1961,0.12483912483912483,0.07915057915057915,0.028314028314028315,-0.9208504185080528,0.3938223938223938,0.33783783783783783,0.1956241956241956,-1.8868834376335144,0.0,0.0,0.0,0.8891925573348999,0.00880572689000616,0.0029371620104010087,0.0,0.27597566445668537,0.0,0.0,0.0,0.5672001838684082,0.01132867598876018,0.002832168997190045,0.0,-0.30049083232879636
1962,0.35971685971685974,0.2876447876447876,0.14285714285714285,-1.641531158577312,0.20527670527670527,0.16859716859716858,0.08172458172458172,-1.3934347304430874,0.12187494600805128,0.06901754810322684,0.007342905026002522,-0.8293373974837208,0.2554985400577066,0.20262962387048844,0.09249756676284432,-1.4487331807613373,0.2690560547330543,0.17276230882859273,0.01699301398314027,-1.1625139713287354,0.38809600497573227,0.3257549674022902,0.16144473938491957,-1.791349959373474
1963,0.29665379665379665,0.22651222651222652,0.0945945945945946,-1.4842852433522542,0.32625482625482627,0.24002574002574004,0.11904761904761904,-1.6100775003433228,0.0,0.0,0.0,0.1108557799573083,0.02348577780081434,0.016148631916008682,0.01321722904680454,-0.1737996886173884,0.01130646289858614,0.002832168997190045,0.0,-0.07413537055253983,0.01132867598876018,0.002832168997190045,0.0,-0.10521513223648071
1964,0.14993564993564992,0.09716859716859717,0.019305019305019305,-0.9815474519362817,0.20785070785070786,0.1640926640926641,0.11068211068211069,-1.6393438875675201,0.08222901800883452,0.0660861452340227,0.014685810052005043,-0.7038547907556806,0.004405743015601513,0.0029371620104010087,0.0,-0.10566474373141925,0.28890345080355856,0.23790219576396376,0.10479025289603165,-1.5149455269177754,0.0,0.0,0.0,-0.2157689481973648
1965,0.3359073359073359,0.2651222651222651,0.14864864864864866,-1.7052090913057327,0.4092664092664093,0.3185328185328185,0.1628056628056628,-1.79921506245931,0.0,0.0,0.0,0.4586540682983211,0.35684214769893513,0.28048169456970573,0.13950943635285107,-1.6641806662082672,0.0,0.0,0.0,0.22204695641994476,0.2011617446161023,0.16433244110754472,0.05381121094661085,-1.2008692820866902
1966,0.3030888030888031,0.22844272844272845,0.12355212355212356,-1.6422474185625713,0.231016731016731,0.19240669240669242,0.12548262548262548,-1.641181058353848,0.07928609685723666,0.04992023589442342,0.01321722904680454,-0.670627124607563,0.11308073740043884,0.0675547262392232,0.008811486031203027,-0.859697014093399,0.06230771793818098,0.028321689971900446,0.0,-0.5369391627974239,0.03681819696347058,0.0,0.0,-0.5070561771290176
1967,0.5160875160875161,0.4266409266409266,0.21235521235521235,-1.8566503085588153,0.31016731016731014,0.21492921492921493,0.09202059202059203,-1.4533844752745195,0.0,0.0,0.0,1.3828850984573364,0.0,0.0,0.0,0.8549025853474935,0.0,0.0,0.0,1.587048053741455,0.0,0.0,0.0,1.353044480085373
1968,0.24002574002574004,0.20334620334620335,0.10167310167310167,-1.5121061476794155,0.23938223938223938,0.19755469755469757,0.13384813384813385,-1.6688495324208186,0.08515466173684182,0.04698307388402241,0.007342905026002522,-0.7355279496737889,0.03818310613521311,0.02056013407280706,0.0,-0.5224356055259705,0.03681819696347058,0.014160844985950223,0.002832168997190045,-0.21403760798202282,0.0,0.0,0.0,1.337562878926595
1969,0.6003861003861004,0.536036036036036,0.3307593307593308,-2.545820625204789,0.444015444015444,0.32625482625482627,0.09137709137709138,-1.4750128537416458,0.5888664282382211,0.5404032550666045,0.3450934996573311,-2.1750925183296204,0.2599388379204893,0.20706992173327113,0.04699459216641614,-1.2999972581863404,0.3626509101813699,0.30883969923475907,0.19272077034996732,-1.7953539756126702,0.08217732709885937,0.051012361584681865,0.00566433799438009,-0.756637454032898
1970,0.3236808236808237,0.2335907335907336,0.09395109395109395,-1.456223964691162,0.16344916344916344,0.1274131274131274,0.04054054054054054,-1.1699500679969788,0.42728796281898446,0.293670127910526,0.08664627930682976,-1.4637121359507244,0.12769743775808154,0.07193743269003726,0.01320571076441081,-0.8825310617685318,0.6260981596454791,0.48161311460843875,0.16152248520052875,-1.6658936142921448,0.3286426691249153,0.2380021546697469,0.04532581050012773,-1.289067268371582
1971,0.15572715572715573,0.12676962676962678,0.05662805662805663,-1.172161000115531,0.1048906048906049,0.052123552123552123,0.006435006435006435,-0.8264328891580756,0.027903039098809583,0.019091553067606556,0.004405743015601513,-0.1670459359884262,0.12188070514924815,0.09250908504523804,0.04992023589442342,-0.9615834752718607,0.08785277163832649,0.06519541966080612,0.00566433799438009,-0.6778506636619568,0.07080422492975112,0.04814687295223076,0.00566433799438009,-0.6133999228477478
1972,0.2722007722007722,0.19626769626769627,0.06692406692406692,-1.3285670429468155,0.15637065637065636,0.11840411840411841,0.06756756756756757,-1.0775908708572388,0.18941815396488076,0.13069219118045117,0.02349729608320807,-1.1383359630902607,0.21292696833048255,0.13509793419605268,0.032297263832017364,-1.106727421283722,0.12470428823705815,0.07088197074536026,0.0,-0.8655202388763428,0.008529826626831194,0.0028432755422770645,0.0,-0.051232533529400826
1973,0.009073233959818535,0.0006480881399870382,0.0,0.035864070151001216,0.07147540983606557,0.05967213114754098,0.015737704918032787,-0.41994581123193103,0.19384117440407286,0.13363511233204903,0.03818310613521311,-1.1022488355636597,0.6725755455346498,0.580060701348215,0.3333390924745302,-2.1395692229270935,0.18129213545542394,0.08214400746359832,0.0,-0.9781066179275513,0.6318624565456423,0.549707342536957,0.29474549351933105,-1.8675314251810078
1974,0.1036036036036036,0.05662805662805663,0.01287001287001287,-0.8290080002376011,0.10810810810810811,0.07979407979407979,0.039897039897039896,-0.8279785752296448,0.9383195977815788,0.9221652067243733,0.814976070768327,-2.698464202880859,0.42727068539539387,0.3450589448101499,0.11158911983045088,-1.5486856698989868,0.8414318557926185,0.8300920732587713,0.6884280906738341,-2.389663815498352,0.6289636482779302,0.49861723513666617,0.1727956284638538,-1.679648369550705
1975,0.19428200129954515,0.1442495126705653,0.022092267706302793,-1.1065977394580842,0.03374432186891629,0.0136275146009085,0.0012978585334198572,-0.42340288843427387,0.6313919268358703,0.5447456475290405,0.2539781267817343,-1.8895572900772095,0.2407666568761267,0.1776407102172924,0.04846317317161664,-1.2624502737599759,0.9008851916434354,0.815875695547386,0.3994024678743184,-2.116387685139974,0.4815131557026556,0.35120006219665256,0.08496506991570134,-1.4504070281982422
1976,0.37001287001287003,0.28957528957528955,0.12483912483912483,-1.6078716974992018,0.1663417803768681,0.12930474333983105,0.06627680311890838,-1.2399414420127868,0.1835495890852756,0.11308073740043884,0.030840201109210593,-1.0475928613117762,0.1747496213364663,0.1336408714732459,0.07930337428082723,-1.283514678478241,0.23511445294712174,0.12180547996934599,0.03398602796628054,-1.0092164874076843,0.16151137865544174,0.12186101269478111,0.04249364150293769,-1.14487224817276
1977,0.0888030888030888,0.05148005148005148,0.010939510939510939,-0.7329691052436829,0.07722007722007722,0.04568854568854569,0.002574002574002574,-0.699489430586497,0.04400559788524335,0.03814279214683506,0.014662773487217584,-0.10705356829414504,0.17028052776769934,0.1174231298628749,0.03079988712083254,-1.0472971050469528,0.13027977387074205,0.11895109788198188,0.07363639392694116,-1.2106448411941528,0.22940568877239362,0.20108399880049319,0.11895109788198188,-1.7217503786087036
1978,0.22651222651222652,0.18532818532818532,0.016087516087516088,-1.2074980267456599,0.09266409266409266,0.0682110682110682,0.001287001287001287,-0.7283764630556107,0.04694851903684122,0.03079988712083254,0.01465701434602072,-0.33303583769186196,0.27017283182731794,0.215846852917293,0.08810334202963653,-1.4552319953518529,0.1586014638426425,0.1444406188566923,0.1076224218932217,-1.5788294672966003,0.2011617446161023,0.15014938303142045,0.03399713451136756,-1.2218252817789714
1979,0.1138996138996139,0.059845559845559844,0.0045045045045045045,-0.8281093353316897,0.15894465894465895,0.11840411840411841,0.036036036036036036,-1.1141830921173095,0.4346366269861838,0.32596739174254336,0.11742888900407174,-1.579802890618642,0.28637329601409833,0.21588140776447415,0.11161215639523833,-1.5473591983318329,0.47593767006897164,0.3852527294334552,0.21807701278363345,-2.042236566543579,0.1048124659862057,0.06799426902273512,0.01699301398314027,-0.8527930676937103
1980,0.18275418275418276,0.12934362934362933,0.059845559845559844,-1.2074288368225097,0.4491634491634492,0.3861003861003861,0.20913770913770913,-1.8280939658482869,0.5271860260197999,0.40529380258815806,0.14098377649924843,-1.6404306093851726,0.7312611943307015,0.637277769139066,0.3523903315537587,-2.2341795762379966,0.4731277141619556,0.3796439241645101,0.11617446161022696,-1.5922265847524006,0.7875984317558337,0.6856181347668181,0.4504370425491742,-2.230303239822388
1981,0.15622940013183917,0.1061305207646671,0.04152933421226104,-1.034440244947161,0.26688524590163937,0.21901639344262294,0.14950819672131146,-2.084086298942566,0.5330603500406019,0.4229282929329578,0.20706992173327113,-1.8826399087905883,0.19825267656087123,0.1483209223840541,0.039651687140413616,-1.172393130947441,0.25229627819674133,0.15588036029632268,0.005697657629641148,-1.1703536482473176,0.008518720081744174,1.1106545087019783e-05,0.0,-0.43359464406967163
1982,0.4369369369369369,0.3410553410553411,0.24646074646074645,-2.2628630002339682,0.18298969072164947,0.1327319587628866,0.06314432989690721,-1.1385612934827805,0.0029371620104010087,0.0029371620104010087,0.0,0.6669301390647888,0.1586009894204576,0.13069795032164802,0.06461180508762533,-1.2069891691207886,0.0,0.0,0.0,0.9915735721588135,0.008474293901396094,0.0,0.0,0.5375948548316956
1983,0.26776315789473687,0.19671052631578947,0.05394736842105263,-1.2785382906595866,0.6274131274131274,0.574002574002574,0.38674388674388677,-2.4539687236150107,0.34064744265335156,0.28631570460212974,0.16149207830128373,-1.6421607732772827,0.2804471397225246,0.2275839826765033,0.09838916820723694,-1.4839278067487,0.5552495085353799,0.49576285304930195,0.3314526250319313,-1.9496914943059285,0.311627442051601,0.25496184901762614,0.13029088041582906,-1.5782238927874823
1984,0.2072072072072072,0.1718146718146718,0.047619047619047616,-1.3300285711884499,0.0694980694980695,0.05405405405405406,0.0341055341055341,-0.6386666049559911,0.5962381289702079,0.500786122773372,0.2966533630505019,-2.1376172065734864,0.8206618910844262,0.7883055911224924,0.6632926139968393,-2.707943058013916,0.2975110232459989,0.23518109221764388,0.09921476726234775,-1.486352523167928,0.4023901285027267,0.34007130401945873,0.21257927296555865,-1.9269805367463806
1985,0.1743886743886744,0.14993564993564992,0.09266409266409266,-1.4257144033908844,0.3109677419354839,0.26645161290322583,0.17548387096774193,-2.0904825817454946,0.6505756261626265,0.49491179875256996,0.2056013407280706,-1.7281511574983597,0.2496357343192983,0.18796685038327085,0.06020606207202382,-1.3206591606140137,0.47602652242966786,0.30602974332774313,0.09630485244954853,-1.4918269316355388,0.05665448648888791,0.01699301398314027,0.0,-0.725655605395635
1986,0.0888030888030888,0.05662805662805663,0.0019305019305019305,-0.7322092567171369,0.15572715572715573,0.10810810810810811,0.03861003861003861,-1.0745273381471634,0.5286258113190161,0.42141939793937927,0.2598812465085207,-1.98612539768219,0.3964995939805456,0.3157391569769116,0.17622396148286365,-1.89001966714859,0.6061730177593656,0.5296822417450604,0.38239834734609107,-2.2305463314056397,0.18698979308506508,0.07936737119184337,0.017026333618401328,-0.9562361538410187
1987,0.4317889317889318,0.3211068211068211,0.09716859716859717,-1.4830469071865082,0.4305019305019305,0.2908622908622909,0.07915057915057915,-1.4563940575248318,0.3832881240749379,0.305459089940508,0.1204178832852445,-1.6084127028783162,0.3172077379821121,0.2540587547584904,0.13950943635285107,-1.610306978225708,0.3032642136010752,0.24377755811499732,0.07093750347079536,-1.3586169481277466,0.09058498172973335,0.062252185212745885,0.014149738440863204,-0.7471556663513184
1988,0.09137709137709138,0.047619047619047616,0.010939510939510939,-0.7682039737701416,0.2483912483912484,0.18018018018018017,0.08622908622908623,-1.4217457903756037,0.24519543645651565,0.21876673750410341,0.039651687140413616,-1.265807358842147,0.060211821213220676,0.03230878211441109,0.008811486031203027,-0.5837686955928802,0.4192276508546487,0.34275908793051757,0.06797205593256107,-1.4264580965042115,0.10193587080866758,0.06508435420993593,0.0,-0.810269464718619
1989,0.13007083065035416,0.103026400515132,0.04185447520927238,-1.010031481583913,0.1891891891891892,0.14092664092664092,0.032175032175032175,-1.1705726110018218,0.023491536942011206,0.01028006703640353,0.0,-0.17615179419517518,0.045526011161215636,0.024965877088408573,0.0029371620104010087,-0.3617238163948059,0.025445094794362324,0.0226240323422593,0.00565323144929307,0.4599626064300537,0.0,0.0,0.0,0.4321672676901543
1990,0.20012870012870013,0.13191763191763192,0.039897039897039896,-1.1049187819163004,0.2734877734877735,0.20077220077220076,0.05148005148005148,-1.3273341380632842,0.6115678061836319,0.5406651720282475,0.3486331010271294,-2.426068385442098,0.35391650397092783,0.2995790067785092,0.1806239453572683,-1.9531119763851166,0.2748425647233915,0.2295278607683508,0.12464875551162304,-1.5693073916397873,0.13587747259460004,0.08489843064517923,0.022646245432433338,-0.9292296171188354
1991,0.6936936936936937,0.601029601029601,0.351994851994852,-1.952059819780547,0.26980038634900194,0.24018029620090148,0.14552479072762395,-1.7634233037630718,0.3274935641597125,0.2804989719932963,0.18797836866566456,-1.9221431255340575,0.36567667029492557,0.2599388379204893,0.08224053629122824,-1.3883484601974487,0.34852338483068074,0.29466774770372184,0.20115063807101533,-1.9026057720184326,0.23807990048535607,0.13325632795406342,0.034041560691715635,-1.1123437881469727
1992,0.5156046814044213,0.42912873862158646,0.17685305591677503,-1.842726652111326,0.6476683937823834,0.5874352331606217,0.4099740932642487,-2.217810379134284,0.02056013407280706,0.008811486031203027,0.0,-0.19567125042279562,0.27609322897769484,0.21294424575407314,0.11161215639523833,-1.5492706596851349,0.07923409265079913,0.03960593978031255,0.0,-0.6743896007537842,0.2662460988260382,0.23790219576396376,0.1529371258482624,-1.7691112995147704
1993,0.007078507078507079,0.0,0.0,-0.16442730360560948,0.07915057915057915,0.04504504504504504,0.021879021879021878,-0.7395580728848775,0.28489319672650415,0.1879726095244677,0.04699459216641614,-1.2311218295778548,0.15273242454085245,0.1351094524784464,0.03818310613521311,-1.1344827711582184,0.2662238857358642,0.15009385030598535,0.03115385896909049,-1.0856517950693767,0.19259859835401005,0.16427690838210962,0.05947554894099094,-1.2014354864756267
1994,0.18146718146718147,0.14607464607464607,0.026383526383526385,-1.138503717051612,0.06241956241956242,0.03667953667953668,0.0,-0.6056736946105957,0.17329255861365953,0.12923512845764437,0.039651687140413616,-1.2059550682703655,0.1336408714732459,0.06461756422882219,0.007342905026002522,-0.8609357595443725,0.01132867598876018,0.0,0.0,-0.0858999490737915,0.002854382087364084,0.0,0.0,-0.12987481554349264
1995,0.12782440284054228,0.08650742414460942,0.029696578437701744,-0.9663728252053261,0.31145431145431146,0.2631917631917632,0.12612612612612611,-1.6710171169704862,0.14685234137885358,0.1013320893588348,0.03230878211441109,-1.0140276998281479,0.23937294470648535,0.1321722904680454,0.03818310613521311,-1.1016281247138977,0.11893999133689488,0.09627153281428748,0.022646245432433338,-0.9587549964586893,0.1472505747637083,0.04814687295223076,2.2213090174039567e-05,-0.8577896356582642
1996,0.2953667953667954,0.20398970398970398,0.043758043758043756,-1.2990432475742542,0.11132561132561132,0.07786357786357787,0.01866151866151866,-0.8561453104019165,0.5360320668981841,0.43323139653414877,0.19825843570206808,-1.7304020987616644,0.22322431279047666,0.17769830162926104,0.04112026814561412,-1.20996712313758,0.4760154158845807,0.3966258316025634,0.1954307673512001,-1.7849022150039673,0.24937525683885514,0.19550851316680926,0.04814687295223076,-1.2268665973856157
1997,0.525096525096525,0.4163449163449163,0.21171171171171171,-1.8554843465487163,0.2985842985842986,0.1956241956241956,0.06628056628056628,-1.2971219023068745,0.008811486031203027,0.0058743240208020174,0.0,0.38136134545008343,0.11748648041604035,0.07196046925482472,0.01321722904680454,-0.8610987861951193,0.04525917122960562,0.022635138887346317,0.0,-0.04860774055123329,0.070737585659229,0.04243810877750259,0.0,-0.48252950608730316
1998,0.16795366795366795,0.11325611325611326,0.017374517374517374,-1.0467656300618098,0.3642213642213642,0.3005148005148005,0.13706563706563707,-1.5793979384682395,0.3054245350933269,0.24962997517810145,0.14096073993446095,-1.6991620063781738,0.2099667697552941,0.1365492377776626,0.026417180670018484,-1.078900784254074,0.4135633128602686,0.36257316436576076,0.1784488599131469,-1.7598934916448545,0.28603796217110744,0.21523373724135636,0.09905927563112944,-1.4590301513671875
1999,0.3841698841698842,0.3185328185328185,0.13063063063063063,-1.6469026446342467,0.030264005151320026,0.0051513200257566,0.0,-0.48727205594380696,0.045526011161215636,0.017622972062406053,0.0014685810052005044,-0.5500532190004984,0.3730195753209281,0.29518478204530135,0.16448107258245648,-1.8303046971559525,0.039639259415573606,0.016981907438053247,0.0,-0.5553491077077831,0.32015726867843225,0.2125237402401236,0.05672112575941003,-1.3569531440734863
2000,0.30952380952380953,0.24646074646074645,0.09395109395109395,-1.4777318022467874,0.06241956241956242,0.025096525096525095,0.0,-0.6117202368649569,0.06018302550723636,0.04110299072202353,0.0058743240208020174,-0.5345113277435303,0.22906984110529438,0.15858947113806388,0.06461756422882219,-1.2613228394445284,0.09343936381709746,0.07363639392694116,0.014160844985950223,-0.7340380549430847,0.164410186923154,0.10494574452724997,0.011428634894543356,-1.051903247833252
2001,0.4163449163449163,0.34427284427284427,0.16731016731016732,-1.6704543178731746,0.29922779922779924,0.22007722007722008,0.03667953667953668,-1.2921420273027922,0.2745843339841163,0.20556678588088945,0.10278339294044472,-1.5088733673095702,0.3054533307993112,0.20853274359727475,0.09839492734843379,-1.4609934091567993,0.40504459277852445,0.30594089096704696,0.15017159612159448,-1.6491828727348665,0.2663127380965603,0.18986638826260321,0.11335339915812392,-1.6258195638656616
2002,0.333976833976834,0.287001287001287,0.14157014157014158,-1.642374575138092,0.2084942084942085,0.16859716859716858,0.09137709137709138,-1.4556336317743575,0.07048036996723048,0.019085793926409692,0.0014685810052005044,-0.5895766615867615,0.6094092848874376,0.5345174127634087,0.2687388056692986,-1.868266522884369,0.06791652320712598,0.04242700223241557,0.011317569443673159,-0.5397618412971497,0.3342514743938603,0.2832724324444395,0.11055454979619495,-1.5339025259017944
2003,0.5656370656370656,0.4568854568854569,0.21557271557271557,-1.7676374362065241,0.27863577863577865,0.20527670527670527,0.08429858429858429,-1.4504982233047485,0.31277895840172315,0.2466985723088973,0.11601214026964299,-1.5537189245224,0.28486440102051985,0.19823539913728064,0.03082868282681686,-1.3202167749404907,0.2690560547330543,0.20107289225540617,0.09345047036218447,-1.431385585930959,0.2577606983795551,0.19824072325821612,0.09340604418183639,-1.461623191833496
2004,0.52088772845953,0.4366840731070496,0.2558746736292428,-1.8899854211246265,0.13063063063063063,0.06048906048906049,0.006435006435006435,-0.8593809833893409,0.06754320795682947,0.03230302297321423,0.0,-0.6464251279830933,0.2540414773348998,0.21294424575407314,0.1321722904680454,-1.6097522020339965,0.05380010440152383,0.03115385896909049,0.0,-0.43459889749113806,0.08206626164798918,0.056587847218365794,0.0,-0.6988295018672943
2005,0.16216216216216217,0.11840411840411841,0.05855855855855856,-1.1444200277328491,0.20463320463320464,0.16795366795366795,0.07464607464607464,-1.3252915794199163,0.2951675046217108,0.19824115827847752,0.008811486031203027,-1.1616377035776775,0.16446955430006277,0.11013781624884096,0.02349729608320807,-1.0253009796142578,0.12177216033408492,0.06227439830291993,0.0,-0.8320796489715576,0.13307862323267108,0.0849428568255273,0.014160844985950223,-0.8979798257350922
2006,0.21814671814671815,0.18468468468468469,0.1048906048906049,-1.5167582780122757,0.14285714285714285,0.12290862290862291,0.036036036036036036,-1.1105483025312424,0.0029256437280072794,0.0014628218640036397,0.0,0.10167161055973598,0.09250908504523804,0.06314898322362168,0.016154391057205546,-0.7243746916453043,0.04243810877750259,0.0226240323422593,0.0,0.06885986004237499,0.0821329009185113,0.05664337994380089,0.0,-0.667269249757131
2007,0.07915057915057915,0.0694980694980695,0.039897039897039896,-0.6097007691860199,0.17696267696267695,0.1583011583011583,0.12483912483912483,-1.7680955273764474,0.30104758778370966,0.20559558158687374,0.05727465920281967,-1.233718474706014,0.06459452766403473,0.032291504690820504,0.0014685810052005044,-0.6682529846827189,0.10761131534813469,0.06230771793818098,0.002832168997190045,-0.8152680993080139,0.13870964159179008,0.08773059964236926,0.014127525350689164,-0.9485920667648315
2008,0.10296010296010295,0.06306306306306306,0.0019305019305019305,-0.8285955637693405,0.04507405022537025,0.021249195106245976,0.0,-0.45101539905254656,0.14685810052005044,0.11161215639523833,0.03818310613521311,-1.0488705237706502,0.1497895033892546,0.08224053629122824,0.02349729608320807,-0.9510311881701151,0.03398602796628054,0.00566433799438009,0.0,-0.5318164825439453,0.15298155202861052,0.09915923453691265,0.04248253495785067,-0.9762943238019943
2009,0.47554697554697556,0.4021879021879022,0.20527670527670527,-1.8903401866555214,0.2799227799227799,0.19305019305019305,0.06756756756756757,-1.3296087438409978,0.16150359658367744,0.12186342772565754,0.0660861452340227,-1.1309497556461787,0.6211176189406636,0.5051112378122175,0.25549278091650973,-1.7900396823883056,0.09905927563112947,0.062241078667658864,0.008496506991570134,-0.8073864579200745,0.5353910059197885,0.4305896464786699,0.2124793140597755,-1.791291105996224
2010,0.16216216216216217,0.1274131274131274,0.05791505791505792,-1.1117549198014396,0.32754182754182753,0.2554697554697555,0.12355212355212356,-1.6457303613424301,0.11305194169445451,0.07634317570563877,0.03230302297321423,-0.8598739206790924,0.0895776821760339,0.05727465920281967,0.0029371620104010087,-0.752509355545044,0.17278452191876686,0.14161955640458931,0.06792762975221299,-1.160892518470064,0.1812699223652499,0.1501049568510724,0.01697080089296623,-1.1470434069633484
2011,0.26705276705276704,0.20077220077220076,0.05276705276705277,-1.3253724177678425,0.2528957528957529,0.1891891891891892,0.1138996138996139,-1.577320781621066,0.1365607560600563,0.0910462631812344,0.019091553067606556,-0.949993371963501,0.2026641787176696,0.14245235750444893,0.05874324020802017,-1.2767386833826702,0.130235347690394,0.07643524328887015,0.01699301398314027,-0.914804470944779,0.04242700223241557,0.01130646289858614,0.0,-0.41242886532326134
2012,0.5804375804375804,0.5302445302445302,0.3410553410553411,-2.1377829351732807,0.3944658944658945,0.33912483912483915,0.21943371943371942,-1.8889514923095703,0.21730967478129662,0.1482921266780698,0.02494859966481798,-1.1777669191360474,0.08224053629122824,0.029371620104010086,0.004405743015601513,-0.7232233087221781,0.3002099137021447,0.20961382542732437,0.04814687295223076,-1.3679389158884685,0.07080422492975112,0.00566433799438009,0.0,-0.7654800415039062
2013,0.20913770913770913,0.14864864864864866,0.08751608751608751,-1.3917671680450439,0.20077220077220076,0.17052767052767054,0.09716859716859717,-1.4836718241373699,0.03669724770642201,0.019085793926409692,0.0,-0.3990282595157623,0.152709387976065,0.07342329111882837,0.004405743015601513,-0.9233171939849854,0.056665593033974934,0.03966147250574765,0.0,-0.5232455435342546,0.09913702144673861,0.04249364150293769,0.0,-0.7906520267327627
2014,0.3005148005148005,0.2696267696267696,0.18725868725868725,-1.8919297218322755,0.33462033462033464,0.28893178893178895,0.21621621621621623,-1.9198305288950601,0.05577152335043799,0.04109723158082666,0.01320571076441081,-0.4586575925350189,0.18646371453088917,0.13653771949526886,0.01761145378001232,-1.0864878041403634,0.13588857913968705,0.11889556515654678,0.048113553316969704,-1.1879299879074097,0.32568832813176807,0.24354432066816978,0.04531470395504072,-1.3063360093039236
2015,0.9195624195624196,0.8906048906048906,0.7818532818532818,-2.7644666035970054,0.788931788931789,0.7149292149292149,0.5456885456885456,-2.3276217460632322,0.19967518443649684,0.14240052523367716,0.04988568104724223,-1.173579454421997,0.44341931731140255,0.33769876236055685,0.14828060839567606,-1.67234593682481,0.34269244865999543,0.28601574908093347,0.17269566955807064,-2.0491646503676844,0.41920543776447466,0.3200684163177361,0.1954196608061131,-2.1835628747940063
2016,0.3963963963963964,0.3584298584298584,0.20527670527670527,-2.1400884714993564,0.5476190476190477,0.4723294723294723,0.34234234234234234,-2.326529249548912,0.27019010925090853,0.1835611073676693,0.05727465920281967,-1.2734811815961002,0.19379510127449798,0.12918329618687263,0.038160069570425656,-1.1438587307929993,0.25493963592745206,0.20109510534558023,0.09346157690727147,-1.472720205783844,0.30303097615424773,0.21523373724135636,0.05951997512133902,-1.4152485067811602
2017,0.46074646074646075,0.3764478764478765,0.1866151866151866,-2.0135603547096252,0.49356499356499356,0.4202059202059202,0.2277992277992278,-1.9504766744725845,0.215846852917293,0.13214349476206108,0.02201143765441697,-1.1610606908798218,0.12037756929686647,0.09248028933925372,0.03670300684761888,-0.9861565232276917,0.18969979008629795,0.1018914446283195,0.025445094794362324,-1.0247614979743958,0.15003831758055028,0.13021313460021997,0.06508435420993593,-1.235531210899353
2018,0.18532818532818532,0.15637065637065636,0.08815958815958816,-1.4226276636123658,0.13256113256113256,0.10424710424710425,0.03732303732303732,-1.014423906803131,0.08368608073164129,0.0631317058000311,0.026428698952412216,-0.6775475740432739,0.0,0.0,0.0,-0.19494067921873945,0.07641303019869611,0.06790541666203896,0.04241589568732855,-0.49720340967178345,0.014149738440863204,0.002832168997190045,0.0,-0.2543216943740845
2019,0.2232947232947233,0.1956241956241956,0.07915057915057915,-1.358579864868751,0.3635778635778636,0.3326898326898327,0.22007722007722008,-1.7991548776626587,0.02934858353922263,0.020537097508019603,0.008794208607612432,0.01600242095688979,0.027868484251628394,0.01613135449241809,0.0029256437280072794,-0.2613506105393025,0.09622710663393941,0.09056276863955931,0.06790541666203896,-0.6877685785293579,0.11322012061707969,0.09905927563112944,0.07923409265079913,-0.9230235517024994
2020,0.32496782496782495,0.24066924066924067,0.14414414414414414,-1.6734609985351563,0.43114543114543114,0.39317889317889315,0.2625482625482625,-2.0121309757232666,0.22611540167130278,0.1703093234736836,0.06313746494122797,-1.292272299528122,0.014674291769611315,0.008799967748809296,0.0,-0.45415389112063814,0.19538634117085202,0.17838222064262477,0.0934171507269234,-1.4892523884773254,0.13310083632284514,0.0849428568255273,0.031109432788742414,-0.928286592165629
2021,0.13127413127413126,0.1093951093951094,0.036036036036036036,-1.0792364080746968,0.18597168597168598,0.1653796653796654,0.0945945945945946,-1.4191447099049885,0.2422870701520989,0.1762182023416668,0.055806078197619166,-1.2922563950220745,0.19970973928367802,0.15272090625845874,0.04405743015601513,-1.1685363948345184,0.07650188255939226,0.025500627519797422,0.0,-0.7365339355056553,0.2577495918344681,0.20674833679487326,0.06516210002554507,-1.3261650800704956
2022,0.21171171171171171,0.1821106821106821,0.1138996138996139,-1.7100988030433655,0.3384813384813385,0.3075933075933076,0.20398970398970398,-2.0157578309377033,0.17471506648928511,0.13213773562086423,0.0734002545540409,-1.2016583681106567,0.2481383576081135,0.2114353507604946,0.08808606460604594,-1.431719422340393,0.26052622810622306,0.21520041760609532,0.11327565334251478,-1.7438252568244934,0.4191721181292136,0.36538312027277686,0.14161955640458926,-1.636845588684082
2023,0.49613899613899615,0.3996138996138996,0.2548262548262548,-2.2631744623184202,0.5347490347490348,0.48326898326898327,0.31981981981981983,-2.2655922282825816,0.28358736393286876,0.21120167770265966,0.10485641622783388,-1.5174655616283417,0.3538761899825498,0.22464682066610228,0.12039484672045705,-1.7363407611846924,0.28040694381198844,0.2407454713062408,0.1585459311172074,-1.720285415649414,0.39926918933327427,0.28881459844286245,0.1896886835412109,-2.057841181755066
