admin2_code,admin2_name,admin1_code,admin1_name,year,idp_max,idp_mean,idp_median,n_rounds_in_year,country,iso3,GID_2,in_polygon,atrocity_count_first_pass
SD01001,Jebel Awlia,SD01,Khartoum,2023,9890,6338.894736842105,6920.0,33,sudan,SDN,,,0
SD01001,Jebel Awlia,SD01,Khartoum,2024,14020,7210.470588235294,4982.0,30,sudan,SDN,,,0
SD01001,Jebel Awlia,SD01,Khartoum,2025,28773,20493.833333333332,19799.0,12,sudan,SDN,,,0
SD01002,Um Bada,SD01,Khartoum,2023,5245,3846.7837837837837,4550.0,33,sudan,SDN,,,0
SD01002,Um Bada,SD01,Khartoum,2024,10209,7607.029411764706,7142.0,30,sudan,SDN,,,0
SD01002,Um Bada,SD01,Khartoum,2025,75481,37870.75,35919.5,12,sudan,SDN,,,0
SD01003,Bahri,SD01,Khartoum,2023,10110,5831.973684210527,4450.0,33,sudan,SDN,,,0
SD01003,Bahri,SD01,Khartoum,2024,33634,20174.20588235294,16392.5,30,sudan,SDN,,,0
SD01003,Bahri,SD01,Khartoum,2025,27003,25021.416666666668,25093.5,12,sudan,SDN,,,0
SD01004,Sharg An Neel,SD01,Khartoum,2023,13830,7774.473684210527,8765.0,33,sudan,SDN,,,0
SD01004,Sharg An Neel,SD01,Khartoum,2024,26860,15554.264705882353,17287.5,30,sudan,SDN,,,0
SD01004,Sharg An Neel,SD01,Khartoum,2025,30439,25310.583333333332,25505.5,12,sudan,SDN,,,0
SD01005,Karrari,SD01,Khartoum,2023,10230,7377.605263157895,9365.0,33,sudan,SDN,,,0
SD01005,Karrari,SD01,Khartoum,2024,20776,15677.411764705883,15171.0,30,sudan,SDN,,,0
SD01005,Karrari,SD01,Khartoum,2025,146729,79372.91666666667,99592.5,12,sudan,SDN,,,0
SD01006,Um Durman,SD01,Khartoum,2023,12685,5885.263157894737,4497.5,33,sudan,SDN,,,0
SD01006,Um Durman,SD01,Khartoum,2024,13351,8468.088235294117,7911.0,30,sudan,SDN,,,0
SD01006,Um Durman,SD01,Khartoum,2025,70218,39255.0,51226.0,12,sudan,SDN,,,0
SD01007,Khartoum,SD01,Khartoum,2023,5300,3082.2368421052633,3187.5,33,sudan,SDN,SDN.7.3_1,0.0,0
SD01007,Khartoum,SD01,Khartoum,2024,7190,3799.176470588235,3275.0,30,sudan,SDN,SDN.7.3_1,0.0,0
SD01007,Khartoum,SD01,Khartoum,2025,6746,6604.75,6716.0,8,sudan,SDN,SDN.7.3_1,0.0,0
SD02113,Dar As Salam,SD02,North Darfur,2012,27625,27625.0,27625.0,5,sudan,SDN,,,0
SD02113,Dar As Salam,SD02,North Darfur,2013,27625,27625.0,27625.0,7,sudan,SDN,,,0
SD02113,Dar As Salam,SD02,North Darfur,2014,27625,27625.0,27625.0,10,sudan,SDN,,,0
SD02113,Dar As Salam,SD02,North Darfur,2015,27625,27625.0,27625.0,12,sudan,SDN,,,0
SD02113,Dar As Salam,SD02,North Darfur,2016,27625,27625.0,27625.0,10,sudan,SDN,,,0
SD02113,Dar As Salam,SD02,North Darfur,2017,32709,30167.0,30167.0,10,sudan,SDN,,,0
SD02113,Dar As Salam,SD02,North Darfur,2018,32709,32709.0,32709.0,4,sudan,SDN,,,0
SD02113,Dar As Salam,SD02,North Darfur,2019,32709,32709.0,32709.0,1,sudan,SDN,,,0
SD02113,Dar As Salam,SD02,North Darfur,2020,42466,42466.0,42466.0,1,sudan,SDN,,,0
SD02113,Dar As Salam,SD02,North Darfur,2021,52504,47708.5,47708.5,2,sudan,SDN,,,0
SD02113,Dar As Salam,SD02,North Darfur,2022,46651,46441.0,46441.0,2,sudan,SDN,,,0
SD02113,Dar As Salam,SD02,North Darfur,2023,62326,11794.131578947368,9985.0,33,sudan,SDN,,,0
SD02113,Dar As Salam,SD02,North Darfur,2024,181448,72426.82352941176,48011.5,30,sudan,SDN,,,0
SD02113,Dar As Salam,SD02,North Darfur,2025,239399,207919.0,205073.5,12,sudan,SDN,,,0
SD02114,Al Fasher,SD02,North Darfur,2011,80083,80083.0,80083.0,4,sudan,SDN,SDN.8.1_1,1.0,0
SD02114,Al Fasher,SD02,North Darfur,2012,114936,95020.0,80083.0,7,sudan,SDN,SDN.8.1_1,1.0,0
SD02114,Al Fasher,SD02,North Darfur,2013,114936,114936.0,114936.0,7,sudan,SDN,SDN.8.1_1,1.0,0
SD02114,Al Fasher,SD02,North Darfur,2014,168435,157735.2,168435.0,10,sudan,SDN,SDN.8.1_1,1.0,0
SD02114,Al Fasher,SD02,North Darfur,2015,221237,211043.41666666666,220297.0,12,sudan,SDN,SDN.8.1_1,1.0,0
SD02114,Al Fasher,SD02,North Darfur,2016,221237,221237.0,221237.0,10,sudan,SDN,SDN.8.1_1,1.0,0
SD02114,Al Fasher,SD02,North Darfur,2017,221237,221237.0,221237.0,10,sudan,SDN,SDN.8.1_1,1.0,0
SD02114,Al Fasher,SD02,North Darfur,2018,221237,221237.0,221237.0,4,sudan,SDN,SDN.8.1_1,1.0,0
SD02114,Al Fasher,SD02,North Darfur,2019,221237,221237.0,221237.0,1,sudan,SDN,SDN.8.1_1,1.0,0
SD02114,Al Fasher,SD02,North Darfur,2020,195821,195821.0,195821.0,1,sudan,SDN,SDN.8.1_1,1.0,0
SD02114,Al Fasher,SD02,North Darfur,2021,587075,498717.0,498717.0,2,sudan,SDN,SDN.8.1_1,1.0,0
SD02114,Al Fasher,SD02,North Darfur,2022,483075,483075.0,483075.0,2,sudan,SDN,SDN.8.1_1,1.0,0
SD02114,Al Fasher,SD02,North Darfur,2023,555749,103949.52631578948,88867.5,33,sudan,SDN,SDN.8.1_1,1.0,0
SD02114,Al Fasher,SD02,North Darfur,2024,737896,430313.73529411765,399879.5,30,sudan,SDN,SDN.8.1_1,1.0,0
SD02114,Al Fasher,SD02,North Darfur,2025,698865,338775.4166666667,240034.0,12,sudan,SDN,SDN.8.1_1,1.0,0
SD02116,Al Koma,SD02,North Darfur,2023,4590,2175.9210526315787,1750.0,33,sudan,SDN,,,0
SD02116,Al Koma,SD02,North Darfur,2024,49170,10966.323529411764,10045.0,30,sudan,SDN,,,0
SD02116,Al Koma,SD02,North Darfur,2025,49440,49386.25,49440.0,12,sudan,SDN,,,0
SD02117,Al Malha,SD02,North Darfur,2023,4860,3381.0526315789475,3990.0,33,sudan,SDN,,,0
SD02117,Al Malha,SD02,North Darfur,2024,6330,6098.970588235294,6225.0,30,sudan,SDN,,,0
SD02117,Al Malha,SD02,North Darfur,2025,106246,78961.75,100555.0,12,sudan,SDN,,,0
SD02118,As Serief,SD02,North Darfur,2020,95,95.0,95.0,1,sudan,SDN,,,0
SD02118,As Serief,SD02,North Darfur,2021,95,95.0,95.0,1,sudan,SDN,,,0
SD02118,As Serief,SD02,North Darfur,2022,4805,4805.0,4805.0,2,sudan,SDN,,,0
SD02118,As Serief,SD02,North Darfur,2023,11766,2329.7894736842104,2145.0,33,sudan,SDN,,,0
SD02118,As Serief,SD02,North Darfur,2024,16367,7814.235294117647,7050.5,30,sudan,SDN,,,0
SD02118,As Serief,SD02,North Darfur,2025,20467,18366.416666666668,19892.0,12,sudan,SDN,,,0
SD02119,At Tawisha,SD02,North Darfur,2023,1715,528.3783783783783,350.0,33,sudan,SDN,,,0
SD02119,At Tawisha,SD02,North Darfur,2024,2815,2051.470588235294,1835.0,30,sudan,SDN,,,0
SD02119,At Tawisha,SD02,North Darfur,2025,3007,2904.75,2954.0,12,sudan,SDN,,,0
SD02120,Um Baru,SD02,North Darfur,2015,7222,7222.0,7222.0,11,sudan,SDN,,,0
SD02120,Um Baru,SD02,North Darfur,2016,7222,7222.0,7222.0,10,sudan,SDN,,,0
SD02120,Um Baru,SD02,North Darfur,2017,7222,7222.0,7222.0,10,sudan,SDN,,,0
SD02120,Um Baru,SD02,North Darfur,2018,7222,7222.0,7222.0,4,sudan,SDN,,,0
SD02120,Um Baru,SD02,North Darfur,2019,7222,7222.0,7222.0,1,sudan,SDN,,,0
SD02120,Um Baru,SD02,North Darfur,2020,10010,10010.0,10010.0,1,sudan,SDN,,,0
SD02120,Um Baru,SD02,North Darfur,2021,10100,5072.5,5072.5,2,sudan,SDN,,,0
SD02120,Um Baru,SD02,North Darfur,2022,342,342.0,342.0,2,sudan,SDN,,,0
SD02120,Um Baru,SD02,North Darfur,2023,1417,690.8260869565217,515.0,21,sudan,SDN,,,0
SD02120,Um Baru,SD02,North Darfur,2024,15557,3776.794117647059,1232.5,30,sudan,SDN,,,0
SD02120,Um Baru,SD02,North Darfur,2025,17067,16069.916666666666,16094.5,12,sudan,SDN,,,0
SD02124,Kebkabiya,SD02,North Darfur,2020,10926,10926.0,10926.0,1,sudan,SDN,,,0
SD02124,Kebkabiya,SD02,North Darfur,2021,17000,13963.0,13963.0,2,sudan,SDN,,,0
SD02124,Kebkabiya,SD02,North Darfur,2022,71610,71610.0,71610.0,2,sudan,SDN,,,0
SD02124,Kebkabiya,SD02,North Darfur,2023,85365,11721.578947368422,11235.0,33,sudan,SDN,,,0
SD02124,Kebkabiya,SD02,North Darfur,2024,91890,49561.617647058825,48055.0,30,sudan,SDN,,,0
SD02124,Kebkabiya,SD02,North Darfur,2025,124325,106480.41666666667,102191.0,12,sudan,SDN,,,0
SD02126,Kelemando,SD02,North Darfur,2020,1664,1664.0,1664.0,1,sudan,SDN,,,0
SD02126,Kelemando,SD02,North Darfur,2021,1664,1664.0,1664.0,1,sudan,SDN,,,0
SD02126,Kelemando,SD02,North Darfur,2022,1189,1189.0,1189.0,2,sudan,SDN,,,0
SD02126,Kelemando,SD02,North Darfur,2023,10863,6126.378378378378,6600.0,33,sudan,SDN,,,0
SD02126,Kelemando,SD02,North Darfur,2024,15072,11701.20588235294,10413.5,30,sudan,SDN,,,0
SD02126,Kelemando,SD02,North Darfur,2025,25676,21420.666666666668,21252.0,12,sudan,SDN,,,0
SD02128,Kutum,SD02,North Darfur,2011,25633,25633.0,25633.0,5,sudan,SDN,SDN.8.3_1,1.0,0
SD02128,Kutum,SD02,North Darfur,2012,25633,25633.0,25633.0,7,sudan,SDN,SDN.8.3_1,1.0,0
SD02128,Kutum,SD02,North Darfur,2013,25633,25633.0,25633.0,7,sudan,SDN,SDN.8.3_1,1.0,0
SD02128,Kutum,SD02,North Darfur,2014,25997,25815.0,25815.0,10,sudan,SDN,SDN.8.3_1,1.0,0
SD02128,Kutum,SD02,North Darfur,2015,25997,25997.0,25997.0,12,sudan,SDN,SDN.8.3_1,1.0,0
SD02128,Kutum,SD02,North Darfur,2016,25997,25997.0,25997.0,10,sudan,SDN,SDN.8.3_1,1.0,0
SD02128,Kutum,SD02,North Darfur,2017,25997,25997.0,25997.0,10,sudan,SDN,SDN.8.3_1,1.0,0
SD02128,Kutum,SD02,North Darfur,2018,25997,25997.0,25997.0,4,sudan,SDN,SDN.8.3_1,1.0,0
SD02128,Kutum,SD02,North Darfur,2019,25997,25997.0,25997.0,1,sudan,SDN,SDN.8.3_1,1.0,0
SD02128,Kutum,SD02,North Darfur,2020,111133,111133.0,111133.0,1,sudan,SDN,SDN.8.3_1,1.0,0
SD02128,Kutum,SD02,North Darfur,2021,111303,80094.5,80094.5,2,sudan,SDN,SDN.8.3_1,1.0,0
SD02128,Kutum,SD02,North Darfur,2022,55769,55769.0,55769.0,2,sudan,SDN,SDN.8.3_1,1.0,0
SD02128,Kutum,SD02,North Darfur,2023,145360,65082.94736842105,76540.0,33,sudan,SDN,SDN.8.3_1,1.0,0
SD02128,Kutum,SD02,North Darfur,2024,182794,134321.0,128355.5,30,sudan,SDN,SDN.8.3_1,1.0,0
SD02128,Kutum,SD02,North Darfur,2025,203200,197120.75,202899.0,12,sudan,SDN,SDN.8.3_1,1.0,0
SD02129,Melit,SD02,North Darfur,2011,4818,4818.0,4818.0,6,sudan,SDN,,,0
SD02129,Melit,SD02,North Darfur,2012,4818,4818.0,4818.0,7,sudan,SDN,,,0
SD02129,Melit,SD02,North Darfur,2013,4818,4818.0,4818.0,7,sudan,SDN,,,0
SD02129,Melit,SD02,North Darfur,2014,4818,4818.0,4818.0,10,sudan,SDN,,,0
SD02129,Melit,SD02,North Darfur,2015,35864,17013.916666666668,4818.0,12,sudan,SDN,,,0
SD02129,Melit,SD02,North Darfur,2016,35864,35864.0,35864.0,10,sudan,SDN,,,0
SD02129,Melit,SD02,North Darfur,2017,35864,35864.0,35864.0,10,sudan,SDN,,,0
SD02129,Melit,SD02,North Darfur,2018,35864,35864.0,35864.0,4,sudan,SDN,,,0
SD02129,Melit,SD02,North Darfur,2019,35864,35864.0,35864.0,1,sudan,SDN,,,0
SD02129,Melit,SD02,North Darfur,2020,25401,25401.0,25401.0,1,sudan,SDN,,,0
SD02129,Melit,SD02,North Darfur,2021,25401,19070.5,19070.5,2,sudan,SDN,,,0
SD02129,Melit,SD02,North Darfur,2022,14749,14749.0,14749.0,2,sudan,SDN,,,0
SD02129,Melit,SD02,North Darfur,2023,45054,9783.5,7097.5,33,sudan,SDN,,,0
SD02129,Melit,SD02,North Darfur,2024,55009,40806.55882352941,39527.0,30,sudan,SDN,,,0
SD02129,Melit,SD02,North Darfur,2025,66943,59550.833333333336,60096.0,12,sudan,SDN,,,0
SD02133,Saraf Omra,SD02,North Darfur,2020,4629,4629.0,4629.0,1,sudan,SDN,,,0
SD02133,Saraf Omra,SD02,North Darfur,2021,4629,3681.5,3681.5,2,sudan,SDN,,,0
SD02133,Saraf Omra,SD02,North Darfur,2022,55920,55920.0,55920.0,2,sudan,SDN,,,0
SD02133,Saraf Omra,SD02,North Darfur,2023,83704,14938.594594594595,12550.0,33,sudan,SDN,,,0
SD02133,Saraf Omra,SD02,North Darfur,2024,77432,43000.41176470588,41021.0,30,sudan,SDN,,,0
SD02133,Saraf Omra,SD02,North Darfur,2025,80382,77939.16666666667,78982.0,12,sudan,SDN,,,0
SD02136,Um Kadadah,SD02,North Darfur,2023,1420,816.0526315789474,750.0,33,sudan,SDN,,,0
SD02136,Um Kadadah,SD02,North Darfur,2024,39215,29537.058823529413,37920.0,30,sudan,SDN,,,0
SD02136,Um Kadadah,SD02,North Darfur,2025,44017,42678.25,43625.0,12,sudan,SDN,,,0
SD02168,Kernoi,SD02,North Darfur,2020,106,106.0,106.0,1,sudan,SDN,,,0
SD02168,Kernoi,SD02,North Darfur,2021,106,106.0,106.0,1,sudan,SDN,,,0
SD02168,Kernoi,SD02,North Darfur,2023,1165,666.8518518518518,600.0,25,sudan,SDN,,,0
SD02168,Kernoi,SD02,North Darfur,2024,2840,1867.7941176470588,1567.5,30,sudan,SDN,,,0
SD02168,Kernoi,SD02,North Darfur,2025,14140,5562.916666666667,2800.0,12,sudan,SDN,,,0
SD02169,Al Lait,SD02,North Darfur,2017,7683,7683.0,7683.0,8,sudan,SDN,,,0
SD02169,Al Lait,SD02,North Darfur,2018,7683,7683.0,7683.0,4,sudan,SDN,,,0
SD02169,Al Lait,SD02,North Darfur,2019,7683,7683.0,7683.0,1,sudan,SDN,,,0
SD02169,Al Lait,SD02,North Darfur,2020,9818,9818.0,9818.0,1,sudan,SDN,,,0
SD02169,Al Lait,SD02,North Darfur,2021,9818,8339.0,8339.0,2,sudan,SDN,,,0
SD02169,Al Lait,SD02,North Darfur,2022,5578,5578.0,5578.0,2,sudan,SDN,,,0
SD02169,Al Lait,SD02,North Darfur,2023,13033,4936.722222222223,4612.0,33,sudan,SDN,,,0
SD02169,Al Lait,SD02,North Darfur,2024,15554,11101.029411764706,10571.5,30,sudan,SDN,,,0
SD02169,Al Lait,SD02,North Darfur,2025,17491,16861.416666666668,17358.5,12,sudan,SDN,,,0
SD02170,Tawila,SD02,North Darfur,2012,32583,32583.0,32583.0,7,sudan,SDN,,,0
SD02170,Tawila,SD02,North Darfur,2013,32583,32583.0,32583.0,7,sudan,SDN,,,0
SD02170,Tawila,SD02,North Darfur,2014,32583,32583.0,32583.0,10,sudan,SDN,,,0
SD02170,Tawila,SD02,North Darfur,2015,32583,32583.0,32583.0,12,sudan,SDN,,,0
SD02170,Tawila,SD02,North Darfur,2016,69141,67244.3,69141.0,10,sudan,SDN,,,0
SD02170,Tawila,SD02,North Darfur,2017,93361,85843.0,92521.0,10,sudan,SDN,,,0
SD02170,Tawila,SD02,North Darfur,2018,93361,93361.0,93361.0,4,sudan,SDN,,,0
SD02170,Tawila,SD02,North Darfur,2019,93361,93361.0,93361.0,1,sudan,SDN,,,0
SD02170,Tawila,SD02,North Darfur,2020,85645,85645.0,85645.0,1,sudan,SDN,,,0
SD02170,Tawila,SD02,North Darfur,2021,123804,117572.5,117572.5,2,sudan,SDN,,,0
SD02170,Tawila,SD02,North Darfur,2022,126847,126637.0,126637.0,2,sudan,SDN,,,0
SD02170,Tawila,SD02,North Darfur,2023,128238,64081.07894736842,78925.0,33,sudan,SDN,,,0
SD02170,Tawila,SD02,North Darfur,2024,233852,156636.79411764705,131689.5,30,sudan,SDN,,,0
SD02170,Tawila,SD02,North Darfur,2025,664243,512452.5,566684.5,12,sudan,SDN,,,0
SD02171,At Tina,SD02,North Darfur,2020,5486,5486.0,5486.0,1,sudan,SDN,,,0
SD02171,At Tina,SD02,North Darfur,2021,5486,4617.0,4617.0,2,sudan,SDN,,,0
SD02171,At Tina,SD02,North Darfur,2022,4600,4600.0,4600.0,2,sudan,SDN,,,0
SD02171,At Tina,SD02,North Darfur,2023,5385,1576.6666666666667,570.0,9,sudan,SDN,,,0
SD02171,At Tina,SD02,North Darfur,2024,6145,3165.0,2977.5,30,sudan,SDN,,,0
SD02171,At Tina,SD02,North Darfur,2025,8210,6576.5,6145.0,10,sudan,SDN,,,0
SD03141,Al Radoum,SD03,South Darfur,2022,35100,35100.0,35100.0,2,sudan,SDN,,,0
SD03141,Al Radoum,SD03,South Darfur,2023,34870,34870.0,34870.0,2,sudan,SDN,,,0
SD03141,Al Radoum,SD03,South Darfur,2024,37790,20974.375,37790.0,28,sudan,SDN,,,0
SD03141,Al Radoum,SD03,South Darfur,2025,41345,38659.75,37790.0,12,sudan,SDN,,,0
SD03143,Ed Al Fursan,SD03,South Darfur,2014,6847,6847.0,6847.0,9,sudan,SDN,,,0
SD03143,Ed Al Fursan,SD03,South Darfur,2015,6847,6847.0,6847.0,12,sudan,SDN,,,0
SD03143,Ed Al Fursan,SD03,South Darfur,2016,6847,6847.0,6847.0,10,sudan,SDN,,,0
SD03143,Ed Al Fursan,SD03,South Darfur,2017,6847,6847.0,6847.0,10,sudan,SDN,,,0
SD03143,Ed Al Fursan,SD03,South Darfur,2018,6847,6847.0,6847.0,4,sudan,SDN,,,0
SD03143,Ed Al Fursan,SD03,South Darfur,2019,6847,6847.0,6847.0,1,sudan,SDN,,,0
SD03143,Ed Al Fursan,SD03,South Darfur,2020,9490,9490.0,9490.0,1,sudan,SDN,,,0
SD03143,Ed Al Fursan,SD03,South Darfur,2021,4590,4590.0,4590.0,1,sudan,SDN,,,0
SD03143,Ed Al Fursan,SD03,South Darfur,2022,3580,3580.0,3580.0,2,sudan,SDN,,,0
SD03143,Ed Al Fursan,SD03,South Darfur,2023,14745,7926.0,7310.0,18,sudan,SDN,,,0
SD03143,Ed Al Fursan,SD03,South Darfur,2024,33541,28663.882352941175,31768.0,30,sudan,SDN,,,0
SD03143,Ed Al Fursan,SD03,South Darfur,2025,34004,33677.333333333336,33661.0,12,sudan,SDN,,,0
SD03144,Kas,SD03,South Darfur,2012,77035,77035.0,77035.0,1,sudan,SDN,SDN.14.3_1,1.0,0
SD03144,Kas,SD03,South Darfur,2013,77519,77173.28571428571,77035.0,7,sudan,SDN,SDN.14.3_1,1.0,0
SD03144,Kas,SD03,South Darfur,2014,77519,77519.0,77519.0,10,sudan,SDN,SDN.14.3_1,1.0,0
SD03144,Kas,SD03,South Darfur,2015,77519,77519.0,77519.0,12,sudan,SDN,SDN.14.3_1,1.0,0
SD03144,Kas,SD03,South Darfur,2016,92191,85721.9,86933.5,10,sudan,SDN,SDN.14.3_1,1.0,0
SD03144,Kas,SD03,South Darfur,2017,92191,92191.0,92191.0,10,sudan,SDN,SDN.14.3_1,1.0,0
SD03144,Kas,SD03,South Darfur,2018,93905,92619.5,92191.0,4,sudan,SDN,SDN.14.3_1,1.0,0
SD03144,Kas,SD03,South Darfur,2019,95397,95397.0,95397.0,1,sudan,SDN,SDN.14.3_1,1.0,0
SD03144,Kas,SD03,South Darfur,2020,101247,101247.0,101247.0,1,sudan,SDN,SDN.14.3_1,1.0,0
SD03144,Kas,SD03,South Darfur,2021,101247,95389.5,95389.5,2,sudan,SDN,SDN.14.3_1,1.0,0
SD03144,Kas,SD03,South Darfur,2022,95981,95981.0,95981.0,2,sudan,SDN,SDN.14.3_1,1.0,0
SD03144,Kas,SD03,South Darfur,2023,132219,41162.72222222222,49750.0,32,sudan,SDN,SDN.14.3_1,1.0,0
SD03144,Kas,SD03,South Darfur,2024,153958,106810.0294117647,105624.0,30,sudan,SDN,SDN.14.3_1,1.0,0
SD03144,Kas,SD03,South Darfur,2025,154100,150385.91666666666,154023.0,12,sudan,SDN,SDN.14.3_1,1.0,0
SD03145,Mershing,SD03,South Darfur,2018,8619,6596.5,6596.5,2,sudan,SDN,,,0
SD03145,Mershing,SD03,South Darfur,2019,8991,8991.0,8991.0,1,sudan,SDN,,,0
SD03145,Mershing,SD03,South Darfur,2020,24100,24100.0,24100.0,1,sudan,SDN,,,0
SD03145,Mershing,SD03,South Darfur,2021,52604,38352.0,38352.0,2,sudan,SDN,,,0
SD03145,Mershing,SD03,South Darfur,2022,50460,50460.0,50460.0,2,sudan,SDN,,,0
SD03145,Mershing,SD03,South Darfur,2023,52848,18077.57894736842,22725.0,33,sudan,SDN,,,0
SD03145,Mershing,SD03,South Darfur,2024,80865,53016.76470588235,53332.5,30,sudan,SDN,,,0
SD03145,Mershing,SD03,South Darfur,2025,82091,81349.66666666667,81260.0,12,sudan,SDN,,,0
SD03146,Um Dafoug,SD03,South Darfur,2015,7858,7178.0,7042.0,12,sudan,SDN,,,0
SD03146,Um Dafoug,SD03,South Darfur,2016,7858,7858.0,7858.0,10,sudan,SDN,,,0
SD03146,Um Dafoug,SD03,South Darfur,2017,7858,7858.0,7858.0,10,sudan,SDN,,,0
SD03146,Um Dafoug,SD03,South Darfur,2018,7858,7858.0,7858.0,4,sudan,SDN,,,0
SD03146,Um Dafoug,SD03,South Darfur,2019,7858,7858.0,7858.0,1,sudan,SDN,,,0
SD03146,Um Dafoug,SD03,South Darfur,2021,342,342.0,342.0,1,sudan,SDN,,,0
SD03146,Um Dafoug,SD03,South Darfur,2022,1300,800.0,800.0,2,sudan,SDN,,,0
SD03146,Um Dafoug,SD03,South Darfur,2023,3830,2690.85,2725.0,18,sudan,SDN,,,0
SD03146,Um Dafoug,SD03,South Darfur,2024,3835,3280.0,3280.0,30,sudan,SDN,,,0
SD03146,Um Dafoug,SD03,South Darfur,2025,4765,4065.0,3835.0,12,sudan,SDN,,,0
SD03147,Sharg Aj Jabal,SD03,South Darfur,2016,6159,6159.0,6159.0,6,sudan,SDN,,,0
SD03147,Sharg Aj Jabal,SD03,South Darfur,2017,6159,6159.0,6159.0,10,sudan,SDN,,,0
SD03147,Sharg Aj Jabal,SD03,South Darfur,2018,6159,3904.5,3937.0,4,sudan,SDN,,,0
SD03147,Sharg Aj Jabal,SD03,South Darfur,2019,146,146.0,146.0,1,sudan,SDN,,,0
SD03147,Sharg Aj Jabal,SD03,South Darfur,2020,1620,1620.0,1620.0,1,sudan,SDN,,,0
SD03147,Sharg Aj Jabal,SD03,South Darfur,2021,6145,4145.0,4145.0,2,sudan,SDN,,,0
SD03147,Sharg Aj Jabal,SD03,South Darfur,2022,7298,7298.0,7298.0,2,sudan,SDN,,,0
SD03147,Sharg Aj Jabal,SD03,South Darfur,2023,28224,12746.611111111111,22820.0,33,sudan,SDN,,,0
SD03147,Sharg Aj Jabal,SD03,South Darfur,2024,45031,35582.382352941175,32932.5,30,sudan,SDN,,,0
SD03147,Sharg Aj Jabal,SD03,South Darfur,2025,47676,45988.416666666664,45675.0,12,sudan,SDN,,,0
SD03149,Tulus,SD03,South Darfur,2014,4406,4406.0,4406.0,9,sudan,SDN,SDN.14.5_1,1.0,0
SD03149,Tulus,SD03,South Darfur,2015,4406,4406.0,4406.0,12,sudan,SDN,SDN.14.5_1,1.0,0
SD03149,Tulus,SD03,South Darfur,2016,4406,4406.0,4406.0,10,sudan,SDN,SDN.14.5_1,1.0,0
SD03149,Tulus,SD03,South Darfur,2017,4406,4406.0,4406.0,10,sudan,SDN,SDN.14.5_1,1.0,0
SD03149,Tulus,SD03,South Darfur,2018,4406,4406.0,4406.0,4,sudan,SDN,SDN.14.5_1,1.0,0
SD03149,Tulus,SD03,South Darfur,2019,2346,2346.0,2346.0,1,sudan,SDN,SDN.14.5_1,1.0,0
SD03149,Tulus,SD03,South Darfur,2020,301,301.0,301.0,1,sudan,SDN,SDN.14.5_1,1.0,0
SD03149,Tulus,SD03,South Darfur,2021,2118,1787.0,1787.0,2,sudan,SDN,SDN.14.5_1,1.0,0
SD03149,Tulus,SD03,South Darfur,2022,1232,1232.0,1232.0,2,sudan,SDN,SDN.14.5_1,1.0,0
SD03149,Tulus,SD03,South Darfur,2023,20757,15474.541666666666,18375.0,22,sudan,SDN,SDN.14.5_1,1.0,0
SD03149,Tulus,SD03,South Darfur,2024,20775,20200.0,20200.0,30,sudan,SDN,SDN.14.5_1,1.0,0
SD03149,Tulus,SD03,South Darfur,2025,21499,21159.916666666668,21150.0,12,sudan,SDN,SDN.14.5_1,1.0,0
SD03150,Al Wihda,SD03,South Darfur,2019,1213,1213.0,1213.0,1,sudan,SDN,,,0
SD03150,Al Wihda,SD03,South Darfur,2020,970,970.0,970.0,1,sudan,SDN,,,0
SD03150,Al Wihda,SD03,South Darfur,2021,1650,1310.0,1310.0,2,sudan,SDN,,,0
SD03150,Al Wihda,SD03,South Darfur,2022,1340,1340.0,1340.0,2,sudan,SDN,,,0
SD03150,Al Wihda,SD03,South Darfur,2023,8630,7262.794117647059,7250.0,32,sudan,SDN,,,0
SD03150,Al Wihda,SD03,South Darfur,2024,11020,7495.14705882353,7325.0,30,sudan,SDN,,,0
SD03150,Al Wihda,SD03,South Darfur,2025,8489,7560.916666666667,7475.0,12,sudan,SDN,,,0
SD03151,Nitega,SD03,South Darfur,2019,4829,4829.0,4829.0,1,sudan,SDN,,,0
SD03151,Nitega,SD03,South Darfur,2020,25887,25887.0,25887.0,1,sudan,SDN,,,0
SD03151,Nitega,SD03,South Darfur,2021,25887,23844.5,23844.5,2,sudan,SDN,,,0
SD03151,Nitega,SD03,South Darfur,2022,21881,21881.0,21881.0,2,sudan,SDN,,,0
SD03151,Nitega,SD03,South Darfur,2023,28241,6752.821428571428,6240.0,26,sudan,SDN,,,0
SD03151,Nitega,SD03,South Darfur,2024,28505,17440.0,17500.0,30,sudan,SDN,,,0
SD03151,Nitega,SD03,South Darfur,2025,29576,29084.333333333332,29005.0,12,sudan,SDN,,,0
SD03153,Gereida,SD03,South Darfur,2012,96597,96597.0,96597.0,1,sudan,SDN,,,0
SD03153,Gereida,SD03,South Darfur,2013,96597,96597.0,96597.0,7,sudan,SDN,,,0
SD03153,Gereida,SD03,South Darfur,2014,96597,96597.0,96597.0,10,sudan,SDN,,,0
SD03153,Gereida,SD03,South Darfur,2015,96597,96597.0,96597.0,12,sudan,SDN,,,0
SD03153,Gereida,SD03,South Darfur,2016,96597,96597.0,96597.0,10,sudan,SDN,,,0
SD03153,Gereida,SD03,South Darfur,2017,96597,96597.0,96597.0,10,sudan,SDN,,,0
SD03153,Gereida,SD03,South Darfur,2018,96597,96597.0,96597.0,4,sudan,SDN,,,0
SD03153,Gereida,SD03,South Darfur,2019,98657,98657.0,98657.0,1,sudan,SDN,,,0
SD03153,Gereida,SD03,South Darfur,2020,133785,133785.0,133785.0,1,sudan,SDN,,,0
SD03153,Gereida,SD03,South Darfur,2021,135172,134643.0,134643.0,2,sudan,SDN,,,0
SD03153,Gereida,SD03,South Darfur,2022,127421,127421.0,127421.0,2,sudan,SDN,,,0
SD03153,Gereida,SD03,South Darfur,2023,136232,136232.0,136232.0,2,sudan,SDN,,,0
SD03153,Gereida,SD03,South Darfur,2024,139642,95453.36,139642.0,23,sudan,SDN,,,0
SD03153,Gereida,SD03,South Darfur,2025,139642,139628.08333333334,139642.0,12,sudan,SDN,,,0
SD03154,Shattaya,SD03,South Darfur,2018,4829,4829.0,4829.0,1,sudan,SDN,,,0
SD03154,Shattaya,SD03,South Darfur,2022,215,215.0,215.0,2,sudan,SDN,,,0
SD03154,Shattaya,SD03,South Darfur,2025,2250,1901.2727272727273,1955.0,11,sudan,SDN,,,0
SD03156,As Sunta,SD03,South Darfur,2023,101530,29641.764705882353,5300.0,32,sudan,SDN,,,0
SD03156,As Sunta,SD03,South Darfur,2024,101730,101234.41176470589,101530.0,30,sudan,SDN,,,0
SD03156,As Sunta,SD03,South Darfur,2025,101130,95055.25,101130.0,12,sudan,SDN,,,0
SD03157,Kubum,SD03,South Darfur,2014,2521,2521.0,2521.0,9,sudan,SDN,,,0
SD03157,Kubum,SD03,South Darfur,2015,2521,2521.0,2521.0,12,sudan,SDN,,,0
SD03157,Kubum,SD03,South Darfur,2016,2521,2521.0,2521.0,10,sudan,SDN,,,0
SD03157,Kubum,SD03,South Darfur,2017,2521,2521.0,2521.0,10,sudan,SDN,,,0
SD03157,Kubum,SD03,South Darfur,2018,2521,2521.0,2521.0,4,sudan,SDN,,,0
SD03157,Kubum,SD03,South Darfur,2019,2521,2521.0,2521.0,1,sudan,SDN,,,0
SD03157,Kubum,SD03,South Darfur,2020,5650,5650.0,5650.0,1,sudan,SDN,,,0
SD03157,Kubum,SD03,South Darfur,2021,3473,3473.0,3473.0,1,sudan,SDN,,,0
SD03157,Kubum,SD03,South Darfur,2022,3723,3723.0,3723.0,2,sudan,SDN,,,0
SD03157,Kubum,SD03,South Darfur,2023,9107,4611.95,5275.0,18,sudan,SDN,,,0
SD03157,Kubum,SD03,South Darfur,2024,9090,7232.5,7232.5,30,sudan,SDN,,,0
SD03157,Kubum,SD03,South Darfur,2025,9177,9103.583333333334,9090.0,12,sudan,SDN,,,0
SD03158,Rehaid Albirdi,SD03,South Darfur,2014,11080,11080.0,11080.0,9,sudan,SDN,,,0
SD03158,Rehaid Albirdi,SD03,South Darfur,2015,11080,11080.0,11080.0,12,sudan,SDN,,,0
SD03158,Rehaid Albirdi,SD03,South Darfur,2016,11080,11080.0,11080.0,10,sudan,SDN,,,0
SD03158,Rehaid Albirdi,SD03,South Darfur,2017,11080,11080.0,11080.0,10,sudan,SDN,,,0
SD03158,Rehaid Albirdi,SD03,South Darfur,2018,11080,11080.0,11080.0,4,sudan,SDN,,,0
SD03158,Rehaid Albirdi,SD03,South Darfur,2019,11080,11080.0,11080.0,1,sudan,SDN,,,0
SD03158,Rehaid Albirdi,SD03,South Darfur,2020,8490,8490.0,8490.0,1,sudan,SDN,,,0
SD03158,Rehaid Albirdi,SD03,South Darfur,2021,8490,6190.0,6190.0,2,sudan,SDN,,,0
SD03158,Rehaid Albirdi,SD03,South Darfur,2022,3650,3650.0,3650.0,2,sudan,SDN,,,0
SD03158,Rehaid Albirdi,SD03,South Darfur,2023,13575,4603.676470588235,4000.0,32,sudan,SDN,,,0
SD03158,Rehaid Albirdi,SD03,South Darfur,2024,30621,19746.647058823528,11725.0,30,sudan,SDN,,,0
SD03158,Rehaid Albirdi,SD03,South Darfur,2025,30867,30692.416666666668,30685.0,12,sudan,SDN,,,0
SD03159,Kateila,SD03,South Darfur,2014,16167,15555.0,16167.0,9,sudan,SDN,,,0
SD03159,Kateila,SD03,South Darfur,2015,16167,16167.0,16167.0,12,sudan,SDN,,,0
SD03159,Kateila,SD03,South Darfur,2016,16167,16167.0,16167.0,10,sudan,SDN,,,0
SD03159,Kateila,SD03,South Darfur,2017,16167,16167.0,16167.0,10,sudan,SDN,,,0
SD03159,Kateila,SD03,South Darfur,2018,16167,16167.0,16167.0,4,sudan,SDN,,,0
SD03159,Kateila,SD03,South Darfur,2019,16167,16167.0,16167.0,1,sudan,SDN,,,0
SD03159,Kateila,SD03,South Darfur,2020,8190,8190.0,8190.0,1,sudan,SDN,,,0
SD03159,Kateila,SD03,South Darfur,2021,8190,7868.5,7868.5,2,sudan,SDN,,,0
SD03159,Kateila,SD03,South Darfur,2022,10867,10867.0,10867.0,2,sudan,SDN,,,0
SD03159,Kateila,SD03,South Darfur,2023,32167,11641.7,4075.0,18,sudan,SDN,,,0
SD03159,Kateila,SD03,South Darfur,2024,43133,35212.08823529412,34881.5,30,sudan,SDN,,,0
SD03159,Kateila,SD03,South Darfur,2025,44630,42427.833333333336,43881.5,12,sudan,SDN,,,0
SD03161,Buram,SD03,South Darfur,2022,28850,28850.0,28850.0,2,sudan,SDN,SDN.14.1_1,1.0,0
SD03161,Buram,SD03,South Darfur,2023,201946,49788.73529411765,16000.0,32,sudan,SDN,SDN.14.1_1,1.0,0
SD03161,Buram,SD03,South Darfur,2024,195735,184122.79411764705,184072.5,30,sudan,SDN,SDN.14.1_1,1.0,0
SD03161,Buram,SD03,South Darfur,2025,195395,187850.83333333334,195395.0,12,sudan,SDN,SDN.14.1_1,1.0,0
SD03162,Beliel,SD03,South Darfur,2012,105772,51108.666666666664,23777.0,6,sudan,SDN,,,0
SD03162,Beliel,SD03,South Darfur,2013,132898,113522.28571428571,105772.0,7,sudan,SDN,,,0
SD03162,Beliel,SD03,South Darfur,2014,158167,152442.5,157896.5,10,sudan,SDN,,,0
SD03162,Beliel,SD03,South Darfur,2015,158167,158167.0,158167.0,12,sudan,SDN,,,0
SD03162,Beliel,SD03,South Darfur,2016,158167,158167.0,158167.0,10,sudan,SDN,,,0
SD03162,Beliel,SD03,South Darfur,2017,159725,158790.2,158167.0,10,sudan,SDN,,,0
SD03162,Beliel,SD03,South Darfur,2018,275482,216576.5,215549.5,4,sudan,SDN,,,0
SD03162,Beliel,SD03,South Darfur,2019,373946,373946.0,373946.0,1,sudan,SDN,,,0
SD03162,Beliel,SD03,South Darfur,2020,305498,305498.0,305498.0,1,sudan,SDN,,,0
SD03162,Beliel,SD03,South Darfur,2021,322788,263870.0,263870.0,2,sudan,SDN,,,0
SD03162,Beliel,SD03,South Darfur,2022,340277,340277.0,340277.0,2,sudan,SDN,,,0
SD03162,Beliel,SD03,South Darfur,2023,432976,113248.77777777778,114483.0,32,sudan,SDN,,,0
SD03162,Beliel,SD03,South Darfur,2024,483998,307835.35294117645,307513.0,30,sudan,SDN,,,0
SD03162,Beliel,SD03,South Darfur,2025,473818,472570.0833333333,473818.0,12,sudan,SDN,,,0
SD03164,Nyala Shimal,SD03,South Darfur,2021,341557,173778.5,173778.5,2,sudan,SDN,,,0
SD03164,Nyala Shimal,SD03,South Darfur,2022,318858,318858.0,318858.0,2,sudan,SDN,,,0
SD03164,Nyala Shimal,SD03,South Darfur,2023,305428,100494.66666666667,10000.0,5,sudan,SDN,,,0
SD03164,Nyala Shimal,SD03,South Darfur,2024,328650,279740.0,327705.0,19,sudan,SDN,,,0
SD03164,Nyala Shimal,SD03,South Darfur,2025,329427,329153.25,329377.0,12,sudan,SDN,,,0
SD03166,As Salam - SD,SD03,South Darfur,2016,4829,4829.0,4829.0,9,sudan,SDN,,,0
SD03166,As Salam - SD,SD03,South Darfur,2017,4829,4829.0,4829.0,10,sudan,SDN,,,0
SD03166,As Salam - SD,SD03,South Darfur,2018,4829,4829.0,4829.0,3,sudan,SDN,,,0
SD03166,As Salam - SD,SD03,South Darfur,2019,5464,5464.0,5464.0,1,sudan,SDN,,,0
SD03166,As Salam - SD,SD03,South Darfur,2020,4600,4600.0,4600.0,1,sudan,SDN,,,0
SD03166,As Salam - SD,SD03,South Darfur,2021,122030,63675.0,63675.0,2,sudan,SDN,,,0
SD03166,As Salam - SD,SD03,South Darfur,2022,5150,5150.0,5150.0,2,sudan,SDN,,,0
SD03166,As Salam - SD,SD03,South Darfur,2023,16230,8030.277777777777,6305.0,32,sudan,SDN,,,0
SD03166,As Salam - SD,SD03,South Darfur,2024,16250,13425.0,13425.0,30,sudan,SDN,,,0
SD03166,As Salam - SD,SD03,South Darfur,2025,19505,17057.583333333332,16250.0,12,sudan,SDN,,,0
SD03167,Nyala Janoub,SD03,South Darfur,2011,90544,85226.5,90544.0,4,sudan,SDN,,,0
SD03167,Nyala Janoub,SD03,South Darfur,2012,91811,91630.0,91811.0,7,sudan,SDN,,,0
SD03167,Nyala Janoub,SD03,South Darfur,2013,97275,97275.0,97275.0,7,sudan,SDN,,,0
SD03167,Nyala Janoub,SD03,South Darfur,2014,239061,169361.1,172965.0,10,sudan,SDN,,,0
SD03167,Nyala Janoub,SD03,South Darfur,2015,240516,239933.75,240234.0,12,sudan,SDN,,,0
SD03167,Nyala Janoub,SD03,South Darfur,2016,248483,245217.1,246293.5,10,sudan,SDN,,,0
SD03167,Nyala Janoub,SD03,South Darfur,2017,248725,248725.0,248725.0,10,sudan,SDN,,,0
SD03167,Nyala Janoub,SD03,South Darfur,2018,249479,193708.5,193520.0,4,sudan,SDN,,,0
SD03167,Nyala Janoub,SD03,South Darfur,2019,40976,40976.0,40976.0,1,sudan,SDN,,,0
SD03167,Nyala Janoub,SD03,South Darfur,2020,163500,163500.0,163500.0,1,sudan,SDN,,,0
SD03167,Nyala Janoub,SD03,South Darfur,2021,157500,82650.0,82650.0,2,sudan,SDN,,,0
SD03167,Nyala Janoub,SD03,South Darfur,2022,4977,4977.0,4977.0,2,sudan,SDN,,,0
SD03167,Nyala Janoub,SD03,South Darfur,2023,216075,102700.26315789473,77765.0,33,sudan,SDN,,,0
SD03167,Nyala Janoub,SD03,South Darfur,2024,78932,77579.23529411765,77965.0,30,sudan,SDN,,,0
SD03167,Nyala Janoub,SD03,South Darfur,2025,79632,79326.75,79419.5,12,sudan,SDN,,,0
SD03172,Damso,SD03,South Darfur,2021,360,360.0,360.0,1,sudan,SDN,,,0
SD03172,Damso,SD03,South Darfur,2022,4437,4437.0,4437.0,2,sudan,SDN,,,0
SD03172,Damso,SD03,South Darfur,2023,7287,3008.285714285714,2750.0,19,sudan,SDN,,,0
SD03172,Damso,SD03,South Darfur,2024,7370,5131.176470588235,5140.0,30,sudan,SDN,,,0
SD03172,Damso,SD03,South Darfur,2025,7921,7585.416666666667,7530.0,12,sudan,SDN,,,0
SD04111,Beida,SD04,West Darfur,2010,10311,10311.0,10311.0,1,sudan,SDN,,,0
SD04111,Beida,SD04,West Darfur,2011,10311,10311.0,10311.0,6,sudan,SDN,,,0
SD04111,Beida,SD04,West Darfur,2012,10311,10311.0,10311.0,7,sudan,SDN,,,0
SD04111,Beida,SD04,West Darfur,2013,10311,10311.0,10311.0,7,sudan,SDN,,,0
SD04111,Beida,SD04,West Darfur,2014,10311,10311.0,10311.0,10,sudan,SDN,,,0
SD04111,Beida,SD04,West Darfur,2015,10311,10311.0,10311.0,12,sudan,SDN,,,0
SD04111,Beida,SD04,West Darfur,2016,10311,10311.0,10311.0,10,sudan,SDN,,,0
SD04111,Beida,SD04,West Darfur,2017,10311,10311.0,10311.0,10,sudan,SDN,,,0
SD04111,Beida,SD04,West Darfur,2018,10311,10311.0,10311.0,4,sudan,SDN,,,0
SD04111,Beida,SD04,West Darfur,2019,10311,10311.0,10311.0,1,sudan,SDN,,,0
SD04111,Beida,SD04,West Darfur,2020,20400,20400.0,20400.0,1,sudan,SDN,,,0
SD04111,Beida,SD04,West Darfur,2021,21225,20812.5,20812.5,2,sudan,SDN,,,0
SD04111,Beida,SD04,West Darfur,2022,39640,39640.0,39640.0,2,sudan,SDN,,,0
SD04111,Beida,SD04,West Darfur,2023,25648,6941.571428571428,545.0,7,sudan,SDN,,,0
SD04111,Beida,SD04,West Darfur,2024,3190,1985.1470588235295,2030.0,30,sudan,SDN,,,0
SD04111,Beida,SD04,West Darfur,2025,4385,3480.8333333333335,3510.0,12,sudan,SDN,,,0
SD04115,Ag Geneina,SD04,West Darfur,2011,100943,81685.0,100943.0,5,sudan,SDN,,,0
SD04115,Ag Geneina,SD04,West Darfur,2012,100943,100943.0,100943.0,7,sudan,SDN,,,0
SD04115,Ag Geneina,SD04,West Darfur,2013,106765,104269.85714285714,106765.0,7,sudan,SDN,,,0
SD04115,Ag Geneina,SD04,West Darfur,2014,106765,106765.0,106765.0,10,sudan,SDN,,,0
SD04115,Ag Geneina,SD04,West Darfur,2015,106765,106765.0,106765.0,12,sudan,SDN,,,0
SD04115,Ag Geneina,SD04,West Darfur,2016,106944,106854.5,106854.5,10,sudan,SDN,,,0
SD04115,Ag Geneina,SD04,West Darfur,2017,106944,106944.0,106944.0,10,sudan,SDN,,,0
SD04115,Ag Geneina,SD04,West Darfur,2018,106944,106944.0,106944.0,4,sudan,SDN,,,0
SD04115,Ag Geneina,SD04,West Darfur,2019,109074,109074.0,109074.0,1,sudan,SDN,,,0
SD04115,Ag Geneina,SD04,West Darfur,2020,126712,126712.0,126712.0,1,sudan,SDN,,,0
SD04115,Ag Geneina,SD04,West Darfur,2021,126712,115664.5,115664.5,2,sudan,SDN,,,0
SD04115,Ag Geneina,SD04,West Darfur,2022,229737,229737.0,229737.0,2,sudan,SDN,,,0
SD04115,Ag Geneina,SD04,West Darfur,2023,301055,91299.76315789473,24255.0,33,sudan,SDN,,,0
SD04115,Ag Geneina,SD04,West Darfur,2024,80590,52548.82352941176,50975.0,30,sudan,SDN,,,0
SD04115,Ag Geneina,SD04,West Darfur,2025,122520,106440.83333333333,114642.5,12,sudan,SDN,,,0
SD04121,Foro Baranga,SD04,West Darfur,2013,12391,12391.0,12391.0,7,sudan,SDN,,,0
SD04121,Foro Baranga,SD04,West Darfur,2014,12391,12391.0,12391.0,10,sudan,SDN,,,0
SD04121,Foro Baranga,SD04,West Darfur,2015,12391,12391.0,12391.0,12,sudan,SDN,,,0
SD04121,Foro Baranga,SD04,West Darfur,2016,12391,12391.0,12391.0,10,sudan,SDN,,,0
SD04121,Foro Baranga,SD04,West Darfur,2017,14344,14148.7,14344.0,10,sudan,SDN,,,0
SD04121,Foro Baranga,SD04,West Darfur,2018,14344,14344.0,14344.0,4,sudan,SDN,,,0
SD04121,Foro Baranga,SD04,West Darfur,2019,14344,14344.0,14344.0,1,sudan,SDN,,,0
SD04121,Foro Baranga,SD04,West Darfur,2020,24822,24822.0,24822.0,1,sudan,SDN,,,0
SD04121,Foro Baranga,SD04,West Darfur,2021,24822,13998.5,13998.5,2,sudan,SDN,,,0
SD04121,Foro Baranga,SD04,West Darfur,2022,5475,5475.0,5475.0,2,sudan,SDN,,,0
SD04121,Foro Baranga,SD04,West Darfur,2023,9400,3977.9310344827586,3900.0,27,sudan,SDN,,,0
SD04121,Foro Baranga,SD04,West Darfur,2024,17425,10417.058823529413,8005.0,30,sudan,SDN,,,0
SD04121,Foro Baranga,SD04,West Darfur,2025,25045,23061.666666666668,24412.5,12,sudan,SDN,,,0
SD04122,Habila - WD,SD04,West Darfur,2011,15039,15039.0,15039.0,3,sudan,SDN,,,0
SD04122,Habila - WD,SD04,West Darfur,2012,15039,15039.0,15039.0,7,sudan,SDN,,,0
SD04122,Habila - WD,SD04,West Darfur,2013,15039,15039.0,15039.0,7,sudan,SDN,,,0
SD04122,Habila - WD,SD04,West Darfur,2014,15039,15039.0,15039.0,10,sudan,SDN,,,0
SD04122,Habila - WD,SD04,West Darfur,2015,15039,15039.0,15039.0,12,sudan,SDN,,,0
SD04122,Habila - WD,SD04,West Darfur,2016,16062,15550.5,15550.5,10,sudan,SDN,,,0
SD04122,Habila - WD,SD04,West Darfur,2017,16406,16371.6,16406.0,10,sudan,SDN,,,0
SD04122,Habila - WD,SD04,West Darfur,2018,16406,16406.0,16406.0,4,sudan,SDN,,,0
SD04122,Habila - WD,SD04,West Darfur,2019,16406,16406.0,16406.0,1,sudan,SDN,,,0
SD04122,Habila - WD,SD04,West Darfur,2020,12194,12194.0,12194.0,1,sudan,SDN,,,0
SD04122,Habila - WD,SD04,West Darfur,2021,36050,24122.0,24122.0,2,sudan,SDN,,,0
SD04122,Habila - WD,SD04,West Darfur,2022,42560,42560.0,42560.0,2,sudan,SDN,,,0
SD04122,Habila - WD,SD04,West Darfur,2023,40567,8624.666666666666,500.0,9,sudan,SDN,,,0
SD04122,Habila - WD,SD04,West Darfur,2024,28290,19337.79411764706,20947.5,30,sudan,SDN,,,0
SD04122,Habila - WD,SD04,West Darfur,2025,28290,26841.666666666668,26705.0,12,sudan,SDN,,,0
SD04123,Jebel Moon,SD04,West Darfur,2020,428,428.0,428.0,1,sudan,SDN,,,0
SD04123,Jebel Moon,SD04,West Darfur,2021,3427,2777.5,2777.5,2,sudan,SDN,,,0
SD04123,Jebel Moon,SD04,West Darfur,2022,19567,19567.0,19567.0,2,sudan,SDN,,,0
SD04123,Jebel Moon,SD04,West Darfur,2023,60350,33009.0,36565.0,23,sudan,SDN,,,0
SD04123,Jebel Moon,SD04,West Darfur,2024,70735,55496.76470588235,53592.5,30,sudan,SDN,,,0
SD04123,Jebel Moon,SD04,West Darfur,2025,70735,56369.583333333336,54060.0,12,sudan,SDN,,,0
SD04125,Kereneik,SD04,West Darfur,2013,65885,65885.0,65885.0,6,sudan,SDN,,,0
SD04125,Kereneik,SD04,West Darfur,2014,65885,65885.0,65885.0,10,sudan,SDN,,,0
SD04125,Kereneik,SD04,West Darfur,2015,65885,65885.0,65885.0,12,sudan,SDN,,,0
SD04125,Kereneik,SD04,West Darfur,2016,65885,65885.0,65885.0,10,sudan,SDN,,,0
SD04125,Kereneik,SD04,West Darfur,2017,65885,65885.0,65885.0,10,sudan,SDN,,,0
SD04125,Kereneik,SD04,West Darfur,2018,65885,65885.0,65885.0,4,sudan,SDN,,,0
SD04125,Kereneik,SD04,West Darfur,2019,65885,65885.0,65885.0,1,sudan,SDN,,,0
SD04125,Kereneik,SD04,West Darfur,2020,146690,146690.0,146690.0,1,sudan,SDN,,,0
SD04125,Kereneik,SD04,West Darfur,2021,181585,164137.5,164137.5,2,sudan,SDN,,,0
SD04125,Kereneik,SD04,West Darfur,2022,150840,150840.0,150840.0,2,sudan,SDN,,,0
SD04125,Kereneik,SD04,West Darfur,2023,38403,29864.0,29864.0,2,sudan,SDN,,,0
SD04125,Kereneik,SD04,West Darfur,2024,43025,29362.068965517243,41790.0,26,sudan,SDN,,,0
SD04125,Kereneik,SD04,West Darfur,2025,67245,62065.0,65852.5,12,sudan,SDN,,,0
SD04127,Kulbus,SD04,West Darfur,2020,4055,4055.0,4055.0,1,sudan,SDN,,,0
SD04127,Kulbus,SD04,West Darfur,2021,4855,4855.0,4855.0,1,sudan,SDN,,,0
SD04127,Kulbus,SD04,West Darfur,2022,75,75.0,75.0,2,sudan,SDN,,,0
SD04127,Kulbus,SD04,West Darfur,2023,40373,26364.0,29560.0,27,sudan,SDN,,,0
SD04127,Kulbus,SD04,West Darfur,2024,44582,41058.5,42838.5,30,sudan,SDN,,,0
SD04127,Kulbus,SD04,West Darfur,2025,44582,34198.666666666664,32422.0,12,sudan,SDN,,,0
SD04134,Sirba,SD04,West Darfur,2022,2955,2955.0,2955.0,2,sudan,SDN,,,0
SD04134,Sirba,SD04,West Darfur,2023,41250,19486.5,25875.0,24,sudan,SDN,,,0
SD04134,Sirba,SD04,West Darfur,2024,26325,26237.5,26225.0,30,sudan,SDN,,,0
SD04134,Sirba,SD04,West Darfur,2025,32980,31711.25,32760.0,12,sudan,SDN,,,0
SD05139,Adila,SD05,East Darfur,2022,5475,5475.0,5475.0,2,sudan,SDN,,,0
SD05139,Adila,SD05,East Darfur,2023,53557,47329.95652173913,47125.0,21,sudan,SDN,,,0
SD05139,Adila,SD05,East Darfur,2024,53737,51210.85294117647,51376.0,30,sudan,SDN,,,0
SD05139,Adila,SD05,East Darfur,2025,53883,53783.0,53737.0,12,sudan,SDN,,,0
SD05140,Abu Jabrah,SD05,East Darfur,2023,45010,42549.583333333336,42860.0,22,sudan,SDN,,,0
SD05140,Abu Jabrah,SD05,East Darfur,2024,44775,44218.08823529412,44117.5,30,sudan,SDN,,,0
SD05140,Abu Jabrah,SD05,East Darfur,2025,45641,44979.75,45425.0,12,sudan,SDN,,,0
SD05142,Ad Du'ayn,SD05,East Darfur,2011,51161,51161.0,51161.0,2,sudan,SDN,,,0
SD05142,Ad Du'ayn,SD05,East Darfur,2012,51161,51161.0,51161.0,7,sudan,SDN,,,0
SD05142,Ad Du'ayn,SD05,East Darfur,2013,60396,52480.28571428572,51161.0,7,sudan,SDN,,,0
SD05142,Ad Du'ayn,SD05,East Darfur,2014,60396,60396.0,60396.0,10,sudan,SDN,,,0
SD05142,Ad Du'ayn,SD05,East Darfur,2015,60396,60396.0,60396.0,12,sudan,SDN,,,0
SD05142,Ad Du'ayn,SD05,East Darfur,2016,60396,60396.0,60396.0,10,sudan,SDN,,,0
SD05142,Ad Du'ayn,SD05,East Darfur,2017,60396,60396.0,60396.0,10,sudan,SDN,,,0
SD05142,Ad Du'ayn,SD05,East Darfur,2018,60396,60396.0,60396.0,4,sudan,SDN,,,0
SD05142,Ad Du'ayn,SD05,East Darfur,2019,60396,60396.0,60396.0,1,sudan,SDN,,,0
SD05142,Ad Du'ayn,SD05,East Darfur,2020,94245,94245.0,94245.0,1,sudan,SDN,,,0
SD05142,Ad Du'ayn,SD05,East Darfur,2021,95140,94692.5,94692.5,2,sudan,SDN,,,0
SD05142,Ad Du'ayn,SD05,East Darfur,2022,99435,96935.0,96935.0,2,sudan,SDN,,,0
SD05142,Ad Du'ayn,SD05,East Darfur,2023,208755,79522.64705882352,105900.0,32,sudan,SDN,,,0
SD05142,Ad Du'ayn,SD05,East Darfur,2024,212145,169573.23529411765,166195.0,30,sudan,SDN,,,0
SD05142,Ad Du'ayn,SD05,East Darfur,2025,222723,218207.58333333334,218805.0,12,sudan,SDN,,,0
SD05148,Shia'ria,SD05,East Darfur,2020,5330,5330.0,5330.0,1,sudan,SDN,,,0
SD05148,Shia'ria,SD05,East Darfur,2021,5330,4752.5,4752.5,2,sudan,SDN,,,0
SD05148,Shia'ria,SD05,East Darfur,2022,8154,6809.0,6809.0,2,sudan,SDN,,,0
SD05148,Shia'ria,SD05,East Darfur,2023,183330,125681.81818181818,126635.0,20,sudan,SDN,,,0
SD05148,Shia'ria,SD05,East Darfur,2024,199095,185518.9705882353,181480.0,30,sudan,SDN,,,0
SD05148,Shia'ria,SD05,East Darfur,2025,206049,202971.33333333334,203302.5,12,sudan,SDN,,,0
SD05152,Al Firdous,SD05,East Darfur,2022,6770,6770.0,6770.0,2,sudan,SDN,,,0
SD05152,Al Firdous,SD05,East Darfur,2023,61020,40474.583333333336,35775.0,22,sudan,SDN,,,0
SD05152,Al Firdous,SD05,East Darfur,2024,59700,56567.64705882353,56575.0,30,sudan,SDN,,,0
SD05152,Al Firdous,SD05,East Darfur,2025,59710,59670.166666666664,59700.0,12,sudan,SDN,,,0
SD05155,Abu Karinka,SD05,East Darfur,2023,44921,34475.086956521736,31585.0,21,sudan,SDN,,,0
SD05155,Abu Karinka,SD05,East Darfur,2024,45046,43504.76470588235,43605.5,30,sudan,SDN,,,0
SD05155,Abu Karinka,SD05,East Darfur,2025,45704,45501.5,45603.0,12,sudan,SDN,,,0
SD05160,Bahr Al Arab,SD05,East Darfur,2023,66920,53548.333333333336,51420.0,22,sudan,SDN,,,0
SD05160,Bahr Al Arab,SD05,East Darfur,2024,67220,67149.41176470589,67220.0,30,sudan,SDN,,,0
SD05160,Bahr Al Arab,SD05,East Darfur,2025,67302,67188.91666666667,67220.0,12,sudan,SDN,,,0
SD05163,Assalaya,SD05,East Darfur,2022,5100,2600.0,2600.0,2,sudan,SDN,,,0
SD05163,Assalaya,SD05,East Darfur,2023,24835,7523.8,3825.0,23,sudan,SDN,,,0
SD05163,Assalaya,SD05,East Darfur,2024,25240,22615.58823529412,22932.5,30,sudan,SDN,,,0
SD05163,Assalaya,SD05,East Darfur,2025,28776,27346.166666666668,27849.0,12,sudan,SDN,,,0
SD05165,Yassin,SD05,East Darfur,2020,122,122.0,122.0,1,sudan,SDN,,,0
SD05165,Yassin,SD05,East Darfur,2021,161,141.5,141.5,2,sudan,SDN,,,0
SD05165,Yassin,SD05,East Darfur,2022,507,507.0,507.0,2,sudan,SDN,,,0
SD05165,Yassin,SD05,East Darfur,2023,78497,72838.36363636363,73310.0,20,sudan,SDN,,,0
SD05165,Yassin,SD05,East Darfur,2024,81610,78582.05882352941,77922.5,30,sudan,SDN,,,0
SD05165,Yassin,SD05,East Darfur,2025,82266,81752.25,81610.0,12,sudan,SDN,,,0
SD06110,Azum,SD06,Central Darfur,2014,8098,8098.0,8098.0,3,sudan,SDN,,,0
SD06110,Azum,SD06,Central Darfur,2015,8098,8098.0,8098.0,12,sudan,SDN,,,0
SD06110,Azum,SD06,Central Darfur,2016,8098,8098.0,8098.0,10,sudan,SDN,,,0
SD06110,Azum,SD06,Central Darfur,2017,8098,8098.0,8098.0,10,sudan,SDN,,,0
SD06110,Azum,SD06,Central Darfur,2018,8098,8098.0,8098.0,2,sudan,SDN,,,0
SD06110,Azum,SD06,Central Darfur,2019,8098,8098.0,8098.0,1,sudan,SDN,,,0
SD06110,Azum,SD06,Central Darfur,2020,11750,11750.0,11750.0,1,sudan,SDN,,,0
SD06110,Azum,SD06,Central Darfur,2021,26250,19000.0,19000.0,2,sudan,SDN,,,0
SD06110,Azum,SD06,Central Darfur,2022,27250,27250.0,27250.0,2,sudan,SDN,,,0
SD06110,Azum,SD06,Central Darfur,2023,75900,51140.74074074074,49000.0,25,sudan,SDN,,,0
SD06110,Azum,SD06,Central Darfur,2024,70005,59977.94117647059,60300.0,30,sudan,SDN,,,0
SD06110,Azum,SD06,Central Darfur,2025,71990,70858.91666666667,70797.5,12,sudan,SDN,,,0
SD06112,Bendasi,SD06,Central Darfur,2013,18241,18241.0,18241.0,7,sudan,SDN,,,0
SD06112,Bendasi,SD06,Central Darfur,2014,18241,18241.0,18241.0,10,sudan,SDN,,,0
SD06112,Bendasi,SD06,Central Darfur,2015,18241,18241.0,18241.0,12,sudan,SDN,,,0
SD06112,Bendasi,SD06,Central Darfur,2016,18241,18241.0,18241.0,10,sudan,SDN,,,0
SD06112,Bendasi,SD06,Central Darfur,2017,18241,18241.0,18241.0,10,sudan,SDN,,,0
SD06112,Bendasi,SD06,Central Darfur,2018,26339,22290.0,22290.0,4,sudan,SDN,,,0
SD06112,Bendasi,SD06,Central Darfur,2019,18241,18241.0,18241.0,1,sudan,SDN,,,0
SD06112,Bendasi,SD06,Central Darfur,2020,32500,32500.0,32500.0,1,sudan,SDN,,,0
SD06112,Bendasi,SD06,Central Darfur,2021,32500,31088.5,31088.5,2,sudan,SDN,,,0
SD06112,Bendasi,SD06,Central Darfur,2022,29405,29405.0,29405.0,2,sudan,SDN,,,0
SD06112,Bendasi,SD06,Central Darfur,2023,29435,29435.0,29435.0,2,sudan,SDN,,,0
SD06112,Bendasi,SD06,Central Darfur,2024,32090,30831.764705882353,32090.0,17,sudan,SDN,,,0
SD06112,Bendasi,SD06,Central Darfur,2025,32417,32259.333333333332,32302.5,12,sudan,SDN,,,0
SD06130,Mukjar,SD06,Central Darfur,2011,17637,17637.0,17637.0,6,sudan,SDN,SDN.4.1_1,1.0,0
SD06130,Mukjar,SD06,Central Darfur,2012,17637,17637.0,17637.0,7,sudan,SDN,SDN.4.1_1,1.0,0
SD06130,Mukjar,SD06,Central Darfur,2013,17637,17637.0,17637.0,7,sudan,SDN,SDN.4.1_1,1.0,0
SD06130,Mukjar,SD06,Central Darfur,2014,20136,18636.6,17637.0,10,sudan,SDN,SDN.4.1_1,1.0,0
SD06130,Mukjar,SD06,Central Darfur,2015,20136,20136.0,20136.0,12,sudan,SDN,SDN.4.1_1,1.0,0
SD06130,Mukjar,SD06,Central Darfur,2016,20136,20136.0,20136.0,10,sudan,SDN,SDN.4.1_1,1.0,0
SD06130,Mukjar,SD06,Central Darfur,2017,20136,20136.0,20136.0,10,sudan,SDN,SDN.4.1_1,1.0,0
SD06130,Mukjar,SD06,Central Darfur,2018,20136,20136.0,20136.0,4,sudan,SDN,SDN.4.1_1,1.0,0
SD06130,Mukjar,SD06,Central Darfur,2019,20136,20136.0,20136.0,1,sudan,SDN,SDN.4.1_1,1.0,0
SD06130,Mukjar,SD06,Central Darfur,2020,23250,23250.0,23250.0,1,sudan,SDN,SDN.4.1_1,1.0,0
SD06130,Mukjar,SD06,Central Darfur,2021,23660,23455.0,23455.0,2,sudan,SDN,SDN.4.1_1,1.0,0
SD06130,Mukjar,SD06,Central Darfur,2022,26160,26160.0,26160.0,2,sudan,SDN,SDN.4.1_1,1.0,0
SD06130,Mukjar,SD06,Central Darfur,2023,26630,4794.583333333333,475.0,11,sudan,SDN,SDN.4.1_1,1.0,0
SD06130,Mukjar,SD06,Central Darfur,2024,28750,15270.0,15490.0,30,sudan,SDN,SDN.4.1_1,1.0,0
SD06130,Mukjar,SD06,Central Darfur,2025,29042,28903.916666666668,28960.0,12,sudan,SDN,SDN.4.1_1,1.0,0
SD06131,Gharb Jabal Marrah,SD06,Central Darfur,2012,34920,34920.0,34920.0,4,sudan,SDN,,,0
SD06131,Gharb Jabal Marrah,SD06,Central Darfur,2013,34920,34920.0,34920.0,7,sudan,SDN,,,0
SD06131,Gharb Jabal Marrah,SD06,Central Darfur,2014,34920,34920.0,34920.0,10,sudan,SDN,,,0
SD06131,Gharb Jabal Marrah,SD06,Central Darfur,2015,34920,34920.0,34920.0,12,sudan,SDN,,,0
SD06131,Gharb Jabal Marrah,SD06,Central Darfur,2016,34920,34920.0,34920.0,10,sudan,SDN,,,0
SD06131,Gharb Jabal Marrah,SD06,Central Darfur,2017,70752,58530.6,70752.0,10,sudan,SDN,,,0
SD06131,Gharb Jabal Marrah,SD06,Central Darfur,2018,71391,70911.75,70752.0,4,sudan,SDN,,,0
SD06131,Gharb Jabal Marrah,SD06,Central Darfur,2019,48655,48655.0,48655.0,1,sudan,SDN,,,0
SD06131,Gharb Jabal Marrah,SD06,Central Darfur,2020,70709,70709.0,70709.0,1,sudan,SDN,,,0
SD06131,Gharb Jabal Marrah,SD06,Central Darfur,2021,70709,60699.5,60699.5,2,sudan,SDN,,,0
SD06131,Gharb Jabal Marrah,SD06,Central Darfur,2022,46835,46835.0,46835.0,2,sudan,SDN,,,0
SD06131,Gharb Jabal Marrah,SD06,Central Darfur,2023,64725,15427.666666666666,6000.0,28,sudan,SDN,,,0
SD06131,Gharb Jabal Marrah,SD06,Central Darfur,2024,83563,61577.529411764706,61985.0,30,sudan,SDN,,,0
SD06131,Gharb Jabal Marrah,SD06,Central Darfur,2025,88768,86348.58333333333,87223.0,12,sudan,SDN,,,0
SD06132,Shamal Jabal Marrah,SD06,Central Darfur,2015,39545,39545.0,39545.0,1,sudan,SDN,,,0
SD06132,Shamal Jabal Marrah,SD06,Central Darfur,2016,39545,39545.0,39545.0,10,sudan,SDN,,,0
SD06132,Shamal Jabal Marrah,SD06,Central Darfur,2017,61834,55495.0,57131.0,10,sudan,SDN,,,0
SD06132,Shamal Jabal Marrah,SD06,Central Darfur,2018,64549,59039.75,61834.0,4,sudan,SDN,,,0
SD06132,Shamal Jabal Marrah,SD06,Central Darfur,2019,54171,54171.0,54171.0,1,sudan,SDN,,,0
SD06132,Shamal Jabal Marrah,SD06,Central Darfur,2021,44364,42534.0,42534.0,2,sudan,SDN,,,0
SD06132,Shamal Jabal Marrah,SD06,Central Darfur,2022,43843,43843.0,43843.0,2,sudan,SDN,,,0
SD06132,Shamal Jabal Marrah,SD06,Central Darfur,2023,123093,58168.53333333333,67785.0,28,sudan,SDN,,,0
SD06132,Shamal Jabal Marrah,SD06,Central Darfur,2024,162907,114203.35294117648,108833.0,30,sudan,SDN,,,0
SD06132,Shamal Jabal Marrah,SD06,Central Darfur,2025,168905,166526.16666666666,168054.5,12,sudan,SDN,,,0
SD06135,Um Dukhun,SD06,Central Darfur,2011,47108,47108.0,47108.0,1,sudan,SDN,,,0
SD06135,Um Dukhun,SD06,Central Darfur,2012,47108,47108.0,47108.0,7,sudan,SDN,,,0
SD06135,Um Dukhun,SD06,Central Darfur,2013,54751,51519.0,51082.0,7,sudan,SDN,,,0
SD06135,Um Dukhun,SD06,Central Darfur,2014,114060,69771.4,54751.0,10,sudan,SDN,,,0
SD06135,Um Dukhun,SD06,Central Darfur,2015,114060,114060.0,114060.0,12,sudan,SDN,,,0
SD06135,Um Dukhun,SD06,Central Darfur,2016,114060,114060.0,114060.0,10,sudan,SDN,,,0
SD06135,Um Dukhun,SD06,Central Darfur,2017,117064,115562.0,115562.0,10,sudan,SDN,,,0
SD06135,Um Dukhun,SD06,Central Darfur,2018,117064,106185.0,117064.0,4,sudan,SDN,,,0
SD06135,Um Dukhun,SD06,Central Darfur,2019,73548,73548.0,73548.0,1,sudan,SDN,,,0
SD06135,Um Dukhun,SD06,Central Darfur,2021,2180,2180.0,2180.0,1,sudan,SDN,,,0
SD06135,Um Dukhun,SD06,Central Darfur,2022,22130,22130.0,22130.0,2,sudan,SDN,,,0
SD06135,Um Dukhun,SD06,Central Darfur,2023,61280,34051.5,38250.0,30,sudan,SDN,,,0
SD06135,Um Dukhun,SD06,Central Darfur,2024,62255,51796.617647058825,51765.0,30,sudan,SDN,,,0
SD06135,Um Dukhun,SD06,Central Darfur,2025,68525,66810.0,68425.0,12,sudan,SDN,,,0
SD06137,Wadi Salih,SD06,Central Darfur,2012,52864,49942.857142857145,52864.0,7,sudan,SDN,,,0
SD06137,Wadi Salih,SD06,Central Darfur,2013,52864,52864.0,52864.0,7,sudan,SDN,,,0
SD06137,Wadi Salih,SD06,Central Darfur,2014,52864,52864.0,52864.0,10,sudan,SDN,,,0
SD06137,Wadi Salih,SD06,Central Darfur,2015,52864,52864.0,52864.0,12,sudan,SDN,,,0
SD06137,Wadi Salih,SD06,Central Darfur,2016,52864,52864.0,52864.0,10,sudan,SDN,,,0
SD06137,Wadi Salih,SD06,Central Darfur,2017,70464,68704.0,70464.0,10,sudan,SDN,,,0
SD06137,Wadi Salih,SD06,Central Darfur,2018,70464,70464.0,70464.0,4,sudan,SDN,,,0
SD06137,Wadi Salih,SD06,Central Darfur,2019,70464,70464.0,70464.0,1,sudan,SDN,,,0
SD06137,Wadi Salih,SD06,Central Darfur,2020,29500,29500.0,29500.0,1,sudan,SDN,,,0
SD06137,Wadi Salih,SD06,Central Darfur,2021,67534,48517.0,48517.0,2,sudan,SDN,,,0
SD06137,Wadi Salih,SD06,Central Darfur,2022,67698,67698.0,67698.0,2,sudan,SDN,,,0
SD06137,Wadi Salih,SD06,Central Darfur,2023,72963,5220.236842105263,1530.0,33,sudan,SDN,,,0
SD06137,Wadi Salih,SD06,Central Darfur,2024,86078,50132.82352941176,51996.5,30,sudan,SDN,,,0
SD06137,Wadi Salih,SD06,Central Darfur,2025,86535,86340.41666666667,86332.0,12,sudan,SDN,,,0
SD06138,Zalingi,SD06,Central Darfur,2011,120272,120272.0,120272.0,4,sudan,SDN,,,0
SD06138,Zalingi,SD06,Central Darfur,2012,120272,120272.0,120272.0,7,sudan,SDN,,,0
SD06138,Zalingi,SD06,Central Darfur,2013,120272,120272.0,120272.0,7,sudan,SDN,,,0
SD06138,Zalingi,SD06,Central Darfur,2014,120272,120272.0,120272.0,10,sudan,SDN,,,0
SD06138,Zalingi,SD06,Central Darfur,2015,121959,121115.5,121115.5,12,sudan,SDN,,,0
SD06138,Zalingi,SD06,Central Darfur,2016,127233,123013.8,121959.0,10,sudan,SDN,,,0
SD06138,Zalingi,SD06,Central Darfur,2017,127233,127217.5,127233.0,10,sudan,SDN,,,0
SD06138,Zalingi,SD06,Central Darfur,2018,127233,127233.0,127233.0,4,sudan,SDN,,,0
SD06138,Zalingi,SD06,Central Darfur,2019,138060,138060.0,138060.0,1,sudan,SDN,,,0
SD06138,Zalingi,SD06,Central Darfur,2020,209500,209500.0,209500.0,1,sudan,SDN,,,0
SD06138,Zalingi,SD06,Central Darfur,2021,223945,216722.5,216722.5,2,sudan,SDN,,,0
SD06138,Zalingi,SD06,Central Darfur,2022,207335,207335.0,207335.0,2,sudan,SDN,,,0
SD06138,Zalingi,SD06,Central Darfur,2023,268763,100941.0,98967.5,33,sudan,SDN,,,0
SD06138,Zalingi,SD06,Central Darfur,2024,217807,163379.4705882353,174514.0,30,sudan,SDN,,,0
SD06138,Zalingi,SD06,Central Darfur,2025,219749,218770.58333333334,218799.5,12,sudan,SDN,,,0
SD06139,Wasat Jabal Marrah,SD06,Central Darfur,2021,25648,15306.0,15306.0,2,sudan,SDN,,,0
SD06139,Wasat Jabal Marrah,SD06,Central Darfur,2022,79678,79678.0,79678.0,2,sudan,SDN,,,0
SD06139,Wasat Jabal Marrah,SD06,Central Darfur,2023,102975,17608.928571428572,7500.0,26,sudan,SDN,,,0
SD06139,Wasat Jabal Marrah,SD06,Central Darfur,2024,181409,119267.91176470589,120552.5,30,sudan,SDN,,,0
SD06139,Wasat Jabal Marrah,SD06,Central Darfur,2025,222955,203415.91666666666,212383.0,12,sudan,SDN,,,0
SD07088,Abu Jubayhah,SD07,South Kordofan,2016,19895,19868.2,19895.0,10,sudan,SDN,,,0
SD07088,Abu Jubayhah,SD07,South Kordofan,2017,20026,19973.6,20026.0,10,sudan,SDN,,,0
SD07088,Abu Jubayhah,SD07,South Kordofan,2018,20136,20053.5,20026.0,4,sudan,SDN,,,0
SD07088,Abu Jubayhah,SD07,South Kordofan,2019,20165,20165.0,20165.0,1,sudan,SDN,,,0
SD07088,Abu Jubayhah,SD07,South Kordofan,2020,49064,49064.0,49064.0,1,sudan,SDN,,,0
SD07088,Abu Jubayhah,SD07,South Kordofan,2021,51551,36979.5,36979.5,2,sudan,SDN,,,0
SD07088,Abu Jubayhah,SD07,South Kordofan,2022,45236,45236.0,45236.0,2,sudan,SDN,,,0
SD07088,Abu Jubayhah,SD07,South Kordofan,2023,54179,11819.193548387097,8913.0,29,sudan,SDN,,,0
SD07088,Abu Jubayhah,SD07,South Kordofan,2024,59275,38261.14705882353,37396.0,30,sudan,SDN,,,0
SD07088,Abu Jubayhah,SD07,South Kordofan,2025,59750,54804.0,53296.5,12,sudan,SDN,,,0
SD07089,Talawdi,SD07,South Kordofan,2016,24281,23494.4,24281.0,10,sudan,SDN,,,0
SD07089,Talawdi,SD07,South Kordofan,2017,24281,24281.0,24281.0,10,sudan,SDN,,,0
SD07089,Talawdi,SD07,South Kordofan,2018,24599,24360.5,24281.0,4,sudan,SDN,,,0
SD07089,Talawdi,SD07,South Kordofan,2019,27614,27614.0,27614.0,1,sudan,SDN,,,0
SD07089,Talawdi,SD07,South Kordofan,2020,15125,15125.0,15125.0,1,sudan,SDN,,,0
SD07089,Talawdi,SD07,South Kordofan,2021,23861,17390.5,17390.5,2,sudan,SDN,,,0
SD07089,Talawdi,SD07,South Kordofan,2022,14290,14290.0,14290.0,2,sudan,SDN,,,0
SD07089,Talawdi,SD07,South Kordofan,2023,16353,3071.2727272727275,2013.0,20,sudan,SDN,,,0
SD07089,Talawdi,SD07,South Kordofan,2024,10594,6192.970588235294,6113.5,30,sudan,SDN,,,0
SD07089,Talawdi,SD07,South Kordofan,2025,11924,11071.5,10979.0,12,sudan,SDN,,,0
SD07090,Abassiya,SD07,South Kordofan,2015,16425,16425.0,16425.0,4,sudan,SDN,,,0
SD07090,Abassiya,SD07,South Kordofan,2016,17278,17022.1,17278.0,10,sudan,SDN,,,0
SD07090,Abassiya,SD07,South Kordofan,2017,17278,17278.0,17278.0,10,sudan,SDN,,,0
SD07090,Abassiya,SD07,South Kordofan,2018,17598,17358.0,17278.0,4,sudan,SDN,,,0
SD07090,Abassiya,SD07,South Kordofan,2019,17589,17589.0,17589.0,1,sudan,SDN,,,0
SD07090,Abassiya,SD07,South Kordofan,2020,10330,10330.0,10330.0,1,sudan,SDN,,,0
SD07090,Abassiya,SD07,South Kordofan,2021,20932,19343.0,19343.0,2,sudan,SDN,,,0
SD07090,Abassiya,SD07,South Kordofan,2022,18043,18043.0,18043.0,2,sudan,SDN,,,0
SD07090,Abassiya,SD07,South Kordofan,2023,33875,13108.742857142857,15120.0,33,sudan,SDN,,,0
SD07090,Abassiya,SD07,South Kordofan,2024,66657,42661.76470588235,47354.0,30,sudan,SDN,,,0
SD07090,Abassiya,SD07,South Kordofan,2025,66842,64389.5,65812.0,12,sudan,SDN,,,0
SD07093,Ar Rashad,SD07,South Kordofan,2016,29323,26602.555555555555,28564.0,9,sudan,SDN,,,0
SD07093,Ar Rashad,SD07,South Kordofan,2017,29596,29541.4,29596.0,10,sudan,SDN,,,0
SD07093,Ar Rashad,SD07,South Kordofan,2018,31088,29969.0,29596.0,4,sudan,SDN,,,0
SD07093,Ar Rashad,SD07,South Kordofan,2019,31755,31755.0,31755.0,1,sudan,SDN,,,0
SD07093,Ar Rashad,SD07,South Kordofan,2020,16015,16015.0,16015.0,1,sudan,SDN,,,0
SD07093,Ar Rashad,SD07,South Kordofan,2021,17573,14612.0,14612.0,2,sudan,SDN,,,0
SD07093,Ar Rashad,SD07,South Kordofan,2022,12370,12286.5,12286.5,2,sudan,SDN,,,0
SD07093,Ar Rashad,SD07,South Kordofan,2023,20645,5407.4,4987.0,33,sudan,SDN,,,0
SD07093,Ar Rashad,SD07,South Kordofan,2024,22114,13852.29411764706,13492.5,30,sudan,SDN,,,0
SD07093,Ar Rashad,SD07,South Kordofan,2025,22379,21899.25,22006.5,12,sudan,SDN,,,0
SD07094,Al Quoz,SD07,South Kordofan,2016,626,626.0,626.0,5,sudan,SDN,,,0
SD07094,Al Quoz,SD07,South Kordofan,2017,626,626.0,626.0,10,sudan,SDN,,,0
SD07094,Al Quoz,SD07,South Kordofan,2018,626,626.0,626.0,4,sudan,SDN,,,0
SD07094,Al Quoz,SD07,South Kordofan,2020,1963,1963.0,1963.0,1,sudan,SDN,,,0
SD07094,Al Quoz,SD07,South Kordofan,2021,2790,2376.5,2376.5,2,sudan,SDN,,,0
SD07094,Al Quoz,SD07,South Kordofan,2022,3280,3280.0,3280.0,2,sudan,SDN,,,0
SD07094,Al Quoz,SD07,South Kordofan,2023,6134,2094.5666666666666,1965.0,28,sudan,SDN,,,0
SD07094,Al Quoz,SD07,South Kordofan,2024,9195,6721.176470588235,7037.0,30,sudan,SDN,,,0
SD07094,Al Quoz,SD07,South Kordofan,2025,10815,9290.416666666666,9195.0,12,sudan,SDN,,,0
SD07095,Dilling,SD07,South Kordofan,2016,9568,9568.0,9568.0,6,sudan,SDN,SDN.15.2_1,0.0,0
SD07095,Dilling,SD07,South Kordofan,2017,9638,9614.8,9611.0,10,sudan,SDN,SDN.15.2_1,0.0,0
SD07095,Dilling,SD07,South Kordofan,2018,9638,9638.0,9638.0,4,sudan,SDN,SDN.15.2_1,0.0,0
SD07095,Dilling,SD07,South Kordofan,2019,9638,9638.0,9638.0,1,sudan,SDN,SDN.15.2_1,0.0,0
SD07095,Dilling,SD07,South Kordofan,2020,20773,20773.0,20773.0,1,sudan,SDN,SDN.15.2_1,0.0,0
SD07095,Dilling,SD07,South Kordofan,2021,28711,25492.0,25492.0,2,sudan,SDN,SDN.15.2_1,0.0,0
SD07095,Dilling,SD07,South Kordofan,2022,27842,27842.0,27842.0,2,sudan,SDN,SDN.15.2_1,0.0,0
SD07095,Dilling,SD07,South Kordofan,2023,42103,9187.583333333334,8588.0,33,sudan,SDN,SDN.15.2_1,0.0,0
SD07095,Dilling,SD07,South Kordofan,2024,44389,28646.20588235294,29133.5,30,sudan,SDN,SDN.15.2_1,0.0,0
SD07095,Dilling,SD07,South Kordofan,2025,44254,42636.333333333336,42630.0,12,sudan,SDN,SDN.15.2_1,0.0,0
SD07097,Ar Reif Ash Shargi,SD07,South Kordofan,2016,9864,9864.0,9864.0,4,sudan,SDN,,,0
SD07097,Ar Reif Ash Shargi,SD07,South Kordofan,2017,9864,9864.0,9864.0,10,sudan,SDN,,,0
SD07097,Ar Reif Ash Shargi,SD07,South Kordofan,2018,9864,9864.0,9864.0,4,sudan,SDN,,,0
SD07097,Ar Reif Ash Shargi,SD07,South Kordofan,2019,9864,9864.0,9864.0,1,sudan,SDN,,,0
SD07097,Ar Reif Ash Shargi,SD07,South Kordofan,2020,9382,9382.0,9382.0,1,sudan,SDN,,,0
SD07097,Ar Reif Ash Shargi,SD07,South Kordofan,2021,10425,9903.5,9903.5,2,sudan,SDN,,,0
SD07097,Ar Reif Ash Shargi,SD07,South Kordofan,2022,10385,10385.0,10385.0,2,sudan,SDN,,,0
SD07097,Ar Reif Ash Shargi,SD07,South Kordofan,2023,31215,18101.44,20860.0,23,sudan,SDN,,,0
SD07097,Ar Reif Ash Shargi,SD07,South Kordofan,2024,39030,31562.352941176472,33852.5,30,sudan,SDN,,,0
SD07097,Ar Reif Ash Shargi,SD07,South Kordofan,2025,39030,36138.333333333336,37655.0,12,sudan,SDN,,,0
SD07098,Kadugli,SD07,South Kordofan,2016,59253,39589.0,59106.0,9,sudan,SDN,SDN.15.3_1,0.0,0
SD07098,Kadugli,SD07,South Kordofan,2017,60887,60227.4,60283.5,10,sudan,SDN,SDN.15.3_1,0.0,0
SD07098,Kadugli,SD07,South Kordofan,2018,61804,61306.25,61189.5,4,sudan,SDN,SDN.15.3_1,0.0,0
SD07098,Kadugli,SD07,South Kordofan,2019,64539,64539.0,64539.0,1,sudan,SDN,SDN.15.3_1,0.0,0
SD07098,Kadugli,SD07,South Kordofan,2020,69751,69751.0,69751.0,1,sudan,SDN,SDN.15.3_1,0.0,0
SD07098,Kadugli,SD07,South Kordofan,2021,84215,72939.0,72939.0,2,sudan,SDN,SDN.15.3_1,0.0,0
SD07098,Kadugli,SD07,South Kordofan,2022,74201,74201.0,74201.0,2,sudan,SDN,SDN.15.3_1,0.0,0
SD07098,Kadugli,SD07,South Kordofan,2023,86012,15484.125,9768.0,30,sudan,SDN,SDN.15.3_1,0.0,0
SD07098,Kadugli,SD07,South Kordofan,2024,85565,48596.67647058824,49159.5,30,sudan,SDN,SDN.15.3_1,0.0,0
SD07098,Kadugli,SD07,South Kordofan,2025,86635,84957.91666666667,84867.5,12,sudan,SDN,SDN.15.3_1,0.0,0
SD07103,Habila - SK,SD07,South Kordofan,2016,6954,6614.333333333333,6602.0,6,sudan,SDN,,,0
SD07103,Habila - SK,SD07,South Kordofan,2017,9245,7960.6,7900.0,10,sudan,SDN,,,0
SD07103,Habila - SK,SD07,South Kordofan,2018,9606,9335.25,9245.0,4,sudan,SDN,,,0
SD07103,Habila - SK,SD07,South Kordofan,2019,10935,10935.0,10935.0,1,sudan,SDN,,,0
SD07103,Habila - SK,SD07,South Kordofan,2020,3283,3283.0,3283.0,1,sudan,SDN,,,0
SD07103,Habila - SK,SD07,South Kordofan,2021,3940,3359.5,3359.5,2,sudan,SDN,,,0
SD07103,Habila - SK,SD07,South Kordofan,2022,5109,4999.0,4999.0,2,sudan,SDN,,,0
SD07103,Habila - SK,SD07,South Kordofan,2023,12862,5816.685714285714,6433.0,33,sudan,SDN,,,0
SD07103,Habila - SK,SD07,South Kordofan,2024,59211,50322.970588235294,57918.5,30,sudan,SDN,,,0
SD07103,Habila - SK,SD07,South Kordofan,2025,59211,23457.75,12455.0,12,sudan,SDN,,,0
SD07104,Abu Kershola,SD07,South Kordofan,2020,8185,8185.0,8185.0,1,sudan,SDN,,,0
SD07104,Abu Kershola,SD07,South Kordofan,2021,8327,8318.0,8318.0,2,sudan,SDN,,,0
SD07104,Abu Kershola,SD07,South Kordofan,2022,12852,12794.5,12794.5,2,sudan,SDN,,,0
SD07104,Abu Kershola,SD07,South Kordofan,2023,21442,6268.722222222223,6654.5,33,sudan,SDN,,,0
SD07104,Abu Kershola,SD07,South Kordofan,2024,26703,16483.70588235294,15203.0,30,sudan,SDN,,,0
SD07104,Abu Kershola,SD07,South Kordofan,2025,26473,23726.333333333332,23168.0,12,sudan,SDN,,,0
SD07105,Al Leri,SD07,South Kordofan,2021,6078,4473.0,4473.0,2,sudan,SDN,,,0
SD07105,Al Leri,SD07,South Kordofan,2022,3772,3772.0,3772.0,2,sudan,SDN,,,0
SD07105,Al Leri,SD07,South Kordofan,2023,6543,1531.2142857142858,1233.5,26,sudan,SDN,,,0
SD07105,Al Leri,SD07,South Kordofan,2024,7258,4396.294117647059,4280.0,30,sudan,SDN,,,0
SD07105,Al Leri,SD07,South Kordofan,2025,8083,7695.916666666667,7768.0,12,sudan,SDN,,,0
SD07106,At Tadamon - SK,SD07,South Kordofan,2022,847,706.0,706.0,2,sudan,SDN,,,0
SD07106,At Tadamon - SK,SD07,South Kordofan,2023,2093,1043.1470588235295,1120.0,32,sudan,SDN,,,0
SD07106,At Tadamon - SK,SD07,South Kordofan,2024,2253,1682.735294117647,1654.5,30,sudan,SDN,,,0
SD07106,At Tadamon - SK,SD07,South Kordofan,2025,2253,2253.0,2253.0,12,sudan,SDN,,,0
SD07107,Delami,SD07,South Kordofan,2020,6092,6092.0,6092.0,1,sudan,SDN,,,0
SD07107,Delami,SD07,South Kordofan,2021,13612,7382.0,7382.0,2,sudan,SDN,,,0
SD07107,Delami,SD07,South Kordofan,2022,3438,3328.0,3328.0,2,sudan,SDN,,,0
SD07107,Delami,SD07,South Kordofan,2023,4781,1563.0454545454545,1420.0,20,sudan,SDN,,,0
SD07107,Delami,SD07,South Kordofan,2024,4781,3088.735294117647,3075.5,30,sudan,SDN,,,0
SD07107,Delami,SD07,South Kordofan,2025,7856,6065.166666666667,6278.5,12,sudan,SDN,,,0
SD07108,Ghadeer,SD07,South Kordofan,2020,7720,7720.0,7720.0,1,sudan,SDN,,,0
SD07108,Ghadeer,SD07,South Kordofan,2021,13419,12835.5,12835.5,2,sudan,SDN,,,0
SD07108,Ghadeer,SD07,South Kordofan,2022,14190,14190.0,14190.0,2,sudan,SDN,,,0
SD07108,Ghadeer,SD07,South Kordofan,2023,16614,3485.818181818182,2460.0,20,sudan,SDN,,,0
SD07108,Ghadeer,SD07,South Kordofan,2024,15123,8179.0,7959.0,30,sudan,SDN,,,0
SD07108,Ghadeer,SD07,South Kordofan,2025,15123,14321.75,14368.0,12,sudan,SDN,,,0
SD08104,Baw,SD08,Blue Nile,2021,23808,21981.0,21981.0,2,sudan,SDN,SDN.3.4_1,0.0,0
SD08104,Baw,SD08,Blue Nile,2022,23135,23135.0,23135.0,2,sudan,SDN,SDN.3.4_1,0.0,0
SD08104,Baw,SD08,Blue Nile,2023,41256,41256.0,41256.0,2,sudan,SDN,SDN.3.4_1,0.0,0
SD08104,Baw,SD08,Blue Nile,2024,99673,33754.0625,50471.0,28,sudan,SDN,SDN.3.4_1,0.0,0
SD08104,Baw,SD08,Blue Nile,2025,118898,101800.0,99675.5,12,sudan,SDN,SDN.3.4_1,0.0,0
SD08105,Ed Damazine,SD08,Blue Nile,2021,13311,13311.0,13311.0,1,sudan,SDN,,,0
SD08105,Ed Damazine,SD08,Blue Nile,2022,9835,9835.0,9835.0,2,sudan,SDN,,,0
SD08105,Ed Damazine,SD08,Blue Nile,2023,96295,30639.108108108107,33284.0,33,sudan,SDN,,,0
SD08105,Ed Damazine,SD08,Blue Nile,2024,191964,120766.94117647059,98103.5,30,sudan,SDN,,,0
SD08105,Ed Damazine,SD08,Blue Nile,2025,192744,146966.0,132430.5,12,sudan,SDN,,,0
SD08106,Al Kurmuk,SD08,Blue Nile,2021,25975,25975.0,25975.0,1,sudan,SDN,,,0
SD08106,Al Kurmuk,SD08,Blue Nile,2022,33450,33450.0,33450.0,2,sudan,SDN,,,0
SD08106,Al Kurmuk,SD08,Blue Nile,2023,19916,1360.9142857142858,260.0,33,sudan,SDN,,,0
SD08106,Al Kurmuk,SD08,Blue Nile,2024,24570,11203.735294117647,9498.0,30,sudan,SDN,,,0
SD08106,Al Kurmuk,SD08,Blue Nile,2025,24250,22707.083333333332,22492.5,12,sudan,SDN,,,0
SD08107,Ar Rusayris,SD08,Blue Nile,2021,40527,40527.0,40527.0,2,sudan,SDN,,,0
SD08107,Ar Rusayris,SD08,Blue Nile,2022,35153,35153.0,35153.0,2,sudan,SDN,,,0
SD08107,Ar Rusayris,SD08,Blue Nile,2023,53960,14095.447368421053,15557.5,33,sudan,SDN,,,0
SD08107,Ar Rusayris,SD08,Blue Nile,2024,91257,57108.44117647059,44958.0,30,sudan,SDN,,,0
SD08107,Ar Rusayris,SD08,Blue Nile,2025,90917,57022.583333333336,50339.5,12,sudan,SDN,,,0
SD08108,At Tadamon - BN,SD08,Blue Nile,2021,6325,6325.0,6325.0,1,sudan,SDN,,,0
SD08108,At Tadamon - BN,SD08,Blue Nile,2022,18940,18190.0,18190.0,2,sudan,SDN,,,0
SD08108,At Tadamon - BN,SD08,Blue Nile,2023,17371,1613.6216216216217,1005.0,33,sudan,SDN,,,0
SD08108,At Tadamon - BN,SD08,Blue Nile,2024,50744,13004.20588235294,13830.0,30,sudan,SDN,,,0
SD08108,At Tadamon - BN,SD08,Blue Nile,2025,24040,16617.5,21475.0,12,sudan,SDN,,,0
SD08109,Geisan,SD08,Blue Nile,2021,16698,16698.0,16698.0,2,sudan,SDN,,,0
SD08109,Geisan,SD08,Blue Nile,2022,29243,29243.0,29243.0,2,sudan,SDN,,,0
SD08109,Geisan,SD08,Blue Nile,2023,29641,2511.0666666666666,740.0,28,sudan,SDN,,,0
SD08109,Geisan,SD08,Blue Nile,2024,49975,20032.617647058825,19170.5,30,sudan,SDN,,,0
SD08109,Geisan,SD08,Blue Nile,2025,48520,46093.25,46730.0,12,sudan,SDN,,,0
SD08110,Wad Al Mahi,SD08,Blue Nile,2021,4314,4314.0,4314.0,2,sudan,SDN,,,0
SD08110,Wad Al Mahi,SD08,Blue Nile,2022,2900,2900.0,2900.0,2,sudan,SDN,,,0
SD08110,Wad Al Mahi,SD08,Blue Nile,2023,8356,1383.8620689655172,960.0,27,sudan,SDN,,,0
SD08110,Wad Al Mahi,SD08,Blue Nile,2024,12672,5710.117647058823,5038.0,30,sudan,SDN,,,0
SD08110,Wad Al Mahi,SD08,Blue Nile,2025,12486,11051.416666666666,10531.0,12,sudan,SDN,,,0
SD09044,Ad Diwaim,SD09,White Nile,2022,1721,1721.0,1721.0,1,sudan,SDN,,,0
SD09044,Ad Diwaim,SD09,White Nile,2023,83817,65459.23684210526,67116.5,33,sudan,SDN,,,0
SD09044,Ad Diwaim,SD09,White Nile,2024,92659,84068.41176470589,85711.0,30,sudan,SDN,,,0
SD09044,Ad Diwaim,SD09,White Nile,2025,79712,66864.41666666667,68192.0,12,sudan,SDN,,,0
SD09045,Um Rimta,SD09,White Nile,2022,321,321.0,321.0,1,sudan,SDN,,,0
SD09045,Um Rimta,SD09,White Nile,2023,20755,17000.026315789473,18078.5,33,sudan,SDN,,,0
SD09045,Um Rimta,SD09,White Nile,2024,19730,13426.441176470587,13670.0,30,sudan,SDN,,,0
SD09045,Um Rimta,SD09,White Nile,2025,9665,5971.1,6172.0,10,sudan,SDN,,,0
SD09046,Rabak,SD09,White Nile,2022,7190,7190.0,7190.0,1,sudan,SDN,,,0
SD09046,Rabak,SD09,White Nile,2023,88436,27458.86842105263,13447.0,33,sudan,SDN,,,0
SD09046,Rabak,SD09,White Nile,2024,145543,113675.11764705883,96463.0,30,sudan,SDN,,,0
SD09046,Rabak,SD09,White Nile,2025,144705,107814.83333333333,110128.0,12,sudan,SDN,,,0
SD09047,Kosti,SD09,White Nile,2022,821,821.0,821.0,1,sudan,SDN,SDN.18.4_1,0.0,0
SD09047,Kosti,SD09,White Nile,2023,96583,34741.94736842105,18089.0,33,sudan,SDN,SDN.18.4_1,0.0,0
SD09047,Kosti,SD09,White Nile,2024,163233,133797.88235294117,134358.5,30,sudan,SDN,SDN.18.4_1,0.0,0
SD09047,Kosti,SD09,White Nile,2025,159597,128924.25,129675.0,12,sudan,SDN,SDN.18.4_1,0.0,0
SD09048,Tendalti,SD09,White Nile,2023,19986,15856.736842105263,17528.0,33,sudan,SDN,,,0
SD09048,Tendalti,SD09,White Nile,2024,19378,17166.176470588234,17483.0,30,sudan,SDN,,,0
SD09048,Tendalti,SD09,White Nile,2025,16769,15407.0,15321.5,12,sudan,SDN,,,0
SD09049,As Salam / Ar Rawat,SD09,White Nile,2022,450,450.0,450.0,1,sudan,SDN,,,0
SD09049,As Salam / Ar Rawat,SD09,White Nile,2023,50395,43805.52631578947,44806.5,33,sudan,SDN,,,0
SD09049,As Salam / Ar Rawat,SD09,White Nile,2024,54837,49453.64705882353,49394.0,30,sudan,SDN,,,0
SD09049,As Salam / Ar Rawat,SD09,White Nile,2025,53429,51892.166666666664,52266.5,12,sudan,SDN,,,0
SD09050,Al Gitaina,SD09,White Nile,2022,384,384.0,384.0,1,sudan,SDN,,,0
SD09050,Al Gitaina,SD09,White Nile,2023,33930,27649.86842105263,29519.0,33,sudan,SDN,,,0
SD09050,Al Gitaina,SD09,White Nile,2024,32797,19308.529411764706,16912.0,30,sudan,SDN,,,0
SD09050,Al Gitaina,SD09,White Nile,2025,28380,24390.833333333332,25661.5,12,sudan,SDN,,,0
SD09051,Aj Jabalain,SD09,White Nile,2022,6678,6678.0,6678.0,1,sudan,SDN,,,0
SD09051,Aj Jabalain,SD09,White Nile,2023,118183,67550.0,69551.5,33,sudan,SDN,,,0
SD09051,Aj Jabalain,SD09,White Nile,2024,139317,119235.79411764706,116801.5,30,sudan,SDN,,,0
SD09051,Aj Jabalain,SD09,White Nile,2025,137113,116628.58333333333,118494.0,12,sudan,SDN,,,0
SD09052,Guli,SD09,White Nile,2023,28688,13045.297297297297,4085.0,33,sudan,SDN,,,0
SD09052,Guli,SD09,White Nile,2024,35582,30447.91176470588,27962.0,30,sudan,SDN,,,0
SD09052,Guli,SD09,White Nile,2025,27040,17046.0,15356.5,12,sudan,SDN,,,0
SD10063,Dordieb,SD10,Red Sea,2022,325,325.0,325.0,2,sudan,SDN,,,0
SD10063,Dordieb,SD10,Red Sea,2023,1125,750.0,800.0,3,sudan,SDN,,,0
SD10063,Dordieb,SD10,Red Sea,2024,2355,1454.4117647058824,1145.0,30,sudan,SDN,,,0
SD10063,Dordieb,SD10,Red Sea,2025,2390,2147.9166666666665,2132.5,12,sudan,SDN,,,0
SD10064,Port Sudan,SD10,Red Sea,2022,14050,13925.0,13925.0,2,sudan,SDN,SDN.11.2_1,0.0,0
SD10064,Port Sudan,SD10,Red Sea,2023,220120,89053.3947368421,102964.0,33,sudan,SDN,SDN.11.2_1,0.0,0
SD10064,Port Sudan,SD10,Red Sea,2024,243422,232885.61764705883,232160.5,30,sudan,SDN,SDN.11.2_1,0.0,0
SD10064,Port Sudan,SD10,Red Sea,2025,236510,145771.91666666666,135045.5,12,sudan,SDN,SDN.11.2_1,0.0,0
SD10065,Tawkar,SD10,Red Sea,2022,3000,3000.0,3000.0,2,sudan,SDN,,,0
SD10065,Tawkar,SD10,Red Sea,2023,2350,536.6129032258065,375.0,29,sudan,SDN,,,0
SD10065,Tawkar,SD10,Red Sea,2024,13710,4104.970588235294,1495.0,30,sudan,SDN,,,0
SD10065,Tawkar,SD10,Red Sea,2025,10684,8600.416666666666,9158.5,12,sudan,SDN,,,0
SD10066,Hala'ib,SD10,Red Sea,2024,1176,764.551724137931,600.0,26,sudan,SDN,,,0
SD10066,Hala'ib,SD10,Red Sea,2025,1096,665.9166666666666,613.5,12,sudan,SDN,,,0
SD10067,Jubayt Elma'aadin,SD10,Red Sea,2023,135,113.42857142857143,135.0,33,sudan,SDN,,,0
SD10067,Jubayt Elma'aadin,SD10,Red Sea,2024,640,352.55882352941177,345.0,30,sudan,SDN,,,0
SD10067,Jubayt Elma'aadin,SD10,Red Sea,2025,346,255.0,255.0,12,sudan,SDN,,,0
SD10068,Sawakin,SD10,Red Sea,2022,1435,1435.0,1435.0,2,sudan,SDN,,,0
SD10068,Sawakin,SD10,Red Sea,2023,2815,680.5263157894736,625.0,33,sudan,SDN,,,0
SD10068,Sawakin,SD10,Red Sea,2024,8915,6105.411764705882,6229.5,30,sudan,SDN,,,0
SD10068,Sawakin,SD10,Red Sea,2025,8479,3130.3333333333335,2126.0,12,sudan,SDN,,,0
SD10069,Al Ganab,SD10,Red Sea,2023,75,75.0,75.0,2,sudan,SDN,,,0
SD10069,Al Ganab,SD10,Red Sea,2024,3290,985.1470588235294,225.0,30,sudan,SDN,,,0
SD10069,Al Ganab,SD10,Red Sea,2025,3836,2245.25,2219.5,12,sudan,SDN,,,0
SD10070,Haya,SD10,Red Sea,2022,765,765.0,765.0,2,sudan,SDN,,,0
SD10070,Haya,SD10,Red Sea,2023,3600,1652.7941176470588,1350.0,32,sudan,SDN,,,0
SD10070,Haya,SD10,Red Sea,2024,4715,2851.176470588235,2875.0,30,sudan,SDN,,,0
SD10070,Haya,SD10,Red Sea,2025,4715,4407.5,4340.0,12,sudan,SDN,,,0
SD10071,Sinkat,SD10,Red Sea,2022,715,715.0,715.0,2,sudan,SDN,SDN.11.3_1,0.0,0
SD10071,Sinkat,SD10,Red Sea,2023,4345,2146.4736842105262,1752.0,33,sudan,SDN,SDN.11.3_1,0.0,0
SD10071,Sinkat,SD10,Red Sea,2024,14778,8293.911764705883,7210.0,30,sudan,SDN,SDN.11.3_1,0.0,0
SD10071,Sinkat,SD10,Red Sea,2025,14938,9094.916666666666,9799.0,12,sudan,SDN,SDN.11.3_1,0.0,0
SD10072,Agig,SD10,Red Sea,2024,2520,908.304347826087,275.0,21,sudan,SDN,,,0
SD10072,Agig,SD10,Red Sea,2025,895,309.1666666666667,235.0,12,sudan,SDN,,,0
SD11052,Halfa Aj Jadeedah,SD11,Kassala,2023,43345,32462.058823529413,38052.5,32,sudan,SDN,,,0
SD11052,Halfa Aj Jadeedah,SD11,Kassala,2024,113806,60951.32352941176,52220.0,30,sudan,SDN,,,0
SD11052,Halfa Aj Jadeedah,SD11,Kassala,2025,113806,42947.75,22455.0,12,sudan,SDN,,,0
SD11053,Madeinat Kassala,SD11,Kassala,2023,93237,42952.6,43832.0,33,sudan,SDN,,,0
SD11053,Madeinat Kassala,SD11,Kassala,2024,177855,136523.17647058822,127044.5,30,sudan,SDN,,,0
SD11053,Madeinat Kassala,SD11,Kassala,2025,177855,76784.33333333333,52248.0,12,sudan,SDN,,,0
SD11054,Reifi Gharb Kassala,SD11,Kassala,2023,375,197.5,197.5,2,sudan,SDN,,,0
SD11054,Reifi Gharb Kassala,SD11,Kassala,2024,2985,454.11764705882354,20.0,30,sudan,SDN,,,0
SD11054,Reifi Gharb Kassala,SD11,Kassala,2025,7413,3468.75,2920.0,12,sudan,SDN,,,0
SD11055,Reifi Aroma,SD11,Kassala,2023,1440,626.8965517241379,690.0,27,sudan,SDN,,,0
SD11055,Reifi Aroma,SD11,Kassala,2024,5370,2648.0882352941176,1565.0,30,sudan,SDN,,,0
SD11055,Reifi Aroma,SD11,Kassala,2025,7930,6193.333333333333,5370.0,12,sudan,SDN,,,0
SD11056,Reifi Kassla,SD11,Kassala,2023,2583,2346.3125,2545.0,28,sudan,SDN,,,0
SD11056,Reifi Kassla,SD11,Kassala,2024,6235,4265.588235294118,3765.0,30,sudan,SDN,,,0
SD11056,Reifi Kassla,SD11,Kassala,2025,6235,3683.3333333333335,3110.0,12,sudan,SDN,,,0
SD11057,Reifi Shamal Ad Delta,SD11,Kassala,2022,1500,1500.0,1500.0,2,sudan,SDN,,,0
SD11057,Reifi Shamal Ad Delta,SD11,Kassala,2023,5465,1994.2702702702702,1915.0,33,sudan,SDN,,,0
SD11057,Reifi Shamal Ad Delta,SD11,Kassala,2024,5790,4854.411764705882,4715.0,30,sudan,SDN,,,0
SD11057,Reifi Shamal Ad Delta,SD11,Kassala,2025,5765,3506.4166666666665,2926.0,12,sudan,SDN,,,0
SD11058,Reifi Hamashkureib,SD11,Kassala,2024,1990,779.6969696969697,685.0,29,sudan,SDN,,,0
SD11058,Reifi Hamashkureib,SD11,Kassala,2025,2175,1262.0833333333333,1110.0,12,sudan,SDN,,,0
SD11059,Reifi Telkok,SD11,Kassala,2022,300,300.0,300.0,2,sudan,SDN,,,0
SD11059,Reifi Telkok,SD11,Kassala,2023,3180,982.8846153846154,855.0,24,sudan,SDN,,,0
SD11059,Reifi Telkok,SD11,Kassala,2024,3585,2936.9117647058824,2922.5,30,sudan,SDN,,,0
SD11059,Reifi Telkok,SD11,Kassala,2025,3535,2953.75,2760.0,12,sudan,SDN,,,0
SD11060,Reifi Khashm Elgirba,SD11,Kassala,2023,8209,6771.914285714286,8004.0,33,sudan,SDN,,,0
SD11060,Reifi Khashm Elgirba,SD11,Kassala,2024,13274,8937.382352941177,8209.0,30,sudan,SDN,,,0
SD11060,Reifi Khashm Elgirba,SD11,Kassala,2025,13774,9777.333333333334,10089.0,12,sudan,SDN,,,0
SD11061,Reifi Wad Elhilaiw,SD11,Kassala,2024,7555,6312.5,7555.0,6,sudan,SDN,,,0
SD11061,Reifi Wad Elhilaiw,SD11,Kassala,2025,7555,3128.75,1830.0,12,sudan,SDN,,,0
SD11062,Reifi Nahr Atbara,SD11,Kassala,2023,2391,2206.9,2391.0,28,sudan,SDN,,,0
SD11062,Reifi Nahr Atbara,SD11,Kassala,2024,16732,5588.117647058823,4067.0,30,sudan,SDN,,,0
SD11062,Reifi Nahr Atbara,SD11,Kassala,2025,36732,10770.5,5522.0,12,sudan,SDN,,,0
SD12073,Al Butanah,SD12,Gedaref,2023,3745,2694.848484848485,2966.0,31,sudan,SDN,,,0
SD12073,Al Butanah,SD12,Gedaref,2024,34265,11123.058823529413,3795.0,30,sudan,SDN,,,0
SD12073,Al Butanah,SD12,Gedaref,2025,32765,9278.583333333334,4756.0,12,sudan,SDN,,,0
SD12074,Al Fao,SD12,Gedaref,2022,3380,3380.0,3380.0,2,sudan,SDN,,,0
SD12074,Al Fao,SD12,Gedaref,2023,39883,12400.0,12897.5,33,sudan,SDN,,,0
SD12074,Al Fao,SD12,Gedaref,2024,86963,60520.117647058825,59944.0,30,sudan,SDN,,,0
SD12074,Al Fao,SD12,Gedaref,2025,60131,27673.0,23703.0,12,sudan,SDN,,,0
SD12075,Al Fashaga,SD12,Gedaref,2023,16688,10021.514285714286,12105.0,33,sudan,SDN,,,0
SD12075,Al Fashaga,SD12,Gedaref,2024,56816,37615.529411764706,37944.5,30,sudan,SDN,,,0
SD12075,Al Fashaga,SD12,Gedaref,2025,48363,16944.333333333332,9629.5,12,sudan,SDN,,,0
SD12076,Al Qureisha,SD12,Gedaref,2023,20220,13745.694444444445,18465.0,33,sudan,SDN,,,0
SD12076,Al Qureisha,SD12,Gedaref,2024,89210,48225.14705882353,33175.0,30,sudan,SDN,,,0
SD12076,Al Qureisha,SD12,Gedaref,2025,41075,16146.5,10547.0,12,sudan,SDN,,,0
SD12077,Basundah,SD12,Gedaref,2022,12350,6930.0,6930.0,2,sudan,SDN,,,0
SD12077,Basundah,SD12,Gedaref,2023,32678,11758.171428571428,13445.0,33,sudan,SDN,,,0
SD12077,Basundah,SD12,Gedaref,2024,51406,36353.26470588235,35835.0,30,sudan,SDN,,,0
SD12077,Basundah,SD12,Gedaref,2025,46731,32018.666666666668,38666.0,12,sudan,SDN,,,0
SD12078,Al Galabat Al Gharbyah - Kassab,SD12,Gedaref,2022,125,125.0,125.0,1,sudan,SDN,,,0
SD12078,Al Galabat Al Gharbyah - Kassab,SD12,Gedaref,2023,12375,8557.57142857143,8400.0,33,sudan,SDN,,,0
SD12078,Al Galabat Al Gharbyah - Kassab,SD12,Gedaref,2024,48628,22102.58823529412,18265.0,30,sudan,SDN,,,0
SD12078,Al Galabat Al Gharbyah - Kassab,SD12,Gedaref,2025,48628,36371.0,33850.0,12,sudan,SDN,,,0
SD12079,Gala'a Al Nahal,SD12,Gedaref,2023,12202,9631.944444444445,12202.0,33,sudan,SDN,,,0
SD12079,Gala'a Al Nahal,SD12,Gedaref,2024,66179,29603.117647058825,12202.0,30,sudan,SDN,,,0
SD12079,Gala'a Al Nahal,SD12,Gedaref,2025,65674,42818.333333333336,59513.5,12,sudan,SDN,,,0
SD12080,Madeinat Al Gedaref,SD12,Gedaref,2022,575,575.0,575.0,2,sudan,SDN,,,0
SD12080,Madeinat Al Gedaref,SD12,Gedaref,2023,120094,59363.7027027027,70090.0,33,sudan,SDN,,,0
SD12080,Madeinat Al Gedaref,SD12,Gedaref,2024,350157,172674.32352941178,131361.5,30,sudan,SDN,,,0
SD12080,Madeinat Al Gedaref,SD12,Gedaref,2025,345715,234821.58333333334,195653.0,12,sudan,SDN,,,0
SD12081,Wasat Al Gedaref,SD12,Gedaref,2022,125,125.0,125.0,1,sudan,SDN,,,0
SD12081,Wasat Al Gedaref,SD12,Gedaref,2023,20242,15271.171428571428,18067.0,33,sudan,SDN,,,0
SD12081,Wasat Al Gedaref,SD12,Gedaref,2024,38999,24929.764705882353,24705.5,30,sudan,SDN,,,0
SD12081,Wasat Al Gedaref,SD12,Gedaref,2025,39107,13241.416666666666,7920.5,12,sudan,SDN,,,0
SD12082,Al Mafaza,SD12,Gedaref,2023,23250,13960.833333333334,17800.0,33,sudan,SDN,,,0
SD12082,Al Mafaza,SD12,Gedaref,2024,129520,66950.44117647059,43260.0,30,sudan,SDN,,,0
SD12082,Al Mafaza,SD12,Gedaref,2025,45790,16146.25,9465.0,12,sudan,SDN,,,0
SD12083,Galabat Ash-Shargiah,SD12,Gedaref,2022,100,100.0,100.0,2,sudan,SDN,,,0
SD12083,Galabat Ash-Shargiah,SD12,Gedaref,2023,45270,26056.38888888889,29132.5,33,sudan,SDN,,,0
SD12083,Galabat Ash-Shargiah,SD12,Gedaref,2024,99499,58009.67647058824,53067.5,30,sudan,SDN,,,0
SD12083,Galabat Ash-Shargiah,SD12,Gedaref,2025,99399,51912.083333333336,37895.0,12,sudan,SDN,,,0
SD12084,Ar Rahad,SD12,Gedaref,2022,250,250.0,250.0,2,sudan,SDN,,,0
SD12084,Ar Rahad,SD12,Gedaref,2023,50095,26658.61111111111,32000.0,33,sudan,SDN,,,0
SD12084,Ar Rahad,SD12,Gedaref,2024,199320,98983.23529411765,52265.0,30,sudan,SDN,,,0
SD12084,Ar Rahad,SD12,Gedaref,2025,105295,42882.083333333336,29095.0,12,sudan,SDN,,,0
SD13023,Um Rawaba,SD13,North Kordofan,2021,8416,8416.0,8416.0,1,sudan,SDN,SDN.9.5_1,0.0,0
SD13023,Um Rawaba,SD13,North Kordofan,2022,10111,10111.0,10111.0,2,sudan,SDN,SDN.9.5_1,0.0,0
SD13023,Um Rawaba,SD13,North Kordofan,2023,42050,19110.552631578947,19966.0,33,sudan,SDN,SDN.9.5_1,0.0,0
SD13023,Um Rawaba,SD13,North Kordofan,2024,43137,36599.32352941176,36170.0,30,sudan,SDN,SDN.9.5_1,0.0,0
SD13023,Um Rawaba,SD13,North Kordofan,2025,43138,40040.833333333336,39317.5,12,sudan,SDN,SDN.9.5_1,0.0,0
SD13024,Sheikan,SD13,North Kordofan,2021,25070,25070.0,25070.0,1,sudan,SDN,SDN.9.3_1,0.0,0
SD13024,Sheikan,SD13,North Kordofan,2022,37056,37056.0,37056.0,2,sudan,SDN,SDN.9.3_1,0.0,0
SD13024,Sheikan,SD13,North Kordofan,2023,40470,13963.921052631578,13748.5,33,sudan,SDN,SDN.9.3_1,0.0,0
SD13024,Sheikan,SD13,North Kordofan,2024,48653,33823.882352941175,32469.0,30,sudan,SDN,SDN.9.3_1,0.0,0
SD13024,Sheikan,SD13,North Kordofan,2025,89852,67603.66666666667,68776.5,12,sudan,SDN,SDN.9.3_1,0.0,0
SD13025,Soudari,SD13,North Kordofan,2022,1380,1380.0,1380.0,2,sudan,SDN,,,0
SD13025,Soudari,SD13,North Kordofan,2023,3818,2204.972972972973,2142.0,33,sudan,SDN,,,0
SD13025,Soudari,SD13,North Kordofan,2024,3968,3203.0,3203.0,30,sudan,SDN,,,0
SD13025,Soudari,SD13,North Kordofan,2025,3968,3968.0,3968.0,12,sudan,SDN,,,0
SD13026,Bara,SD13,North Kordofan,2023,25007,9246.71052631579,7868.0,33,sudan,SDN,SDN.9.1_1,0.0,0
SD13026,Bara,SD13,North Kordofan,2024,34904,32179.970588235294,32201.0,30,sudan,SDN,SDN.9.1_1,0.0,0
SD13026,Bara,SD13,North Kordofan,2025,38099,30450.0,32808.0,12,sudan,SDN,SDN.9.1_1,0.0,0
SD13027,Gebrat Al Sheikh,SD13,North Kordofan,2022,180,180.0,180.0,2,sudan,SDN,,,0
SD13027,Gebrat Al Sheikh,SD13,North Kordofan,2023,7199,3681.9473684210525,3484.0,33,sudan,SDN,,,0
SD13027,Gebrat Al Sheikh,SD13,North Kordofan,2024,7418,7028.323529411765,7142.0,30,sudan,SDN,,,0
SD13027,Gebrat Al Sheikh,SD13,North Kordofan,2025,8403,6983.833333333333,7205.5,12,sudan,SDN,,,0
SD13028,Um Dam Haj Ahmed,SD13,North Kordofan,2023,14846,7615.972972972973,7955.0,33,sudan,SDN,,,0
SD13028,Um Dam Haj Ahmed,SD13,North Kordofan,2024,15241,15031.0,15001.0,30,sudan,SDN,,,0
SD13028,Um Dam Haj Ahmed,SD13,North Kordofan,2025,15381,14862.416666666666,15281.0,12,sudan,SDN,,,0
SD13029,Gharb Bara,SD13,North Kordofan,2023,8130,5449.263157894737,5624.5,33,sudan,SDN,,,0
SD13029,Gharb Bara,SD13,North Kordofan,2024,9200,8183.235294117647,8070.0,30,sudan,SDN,,,0
SD13029,Gharb Bara,SD13,North Kordofan,2025,11062,10318.5,10770.0,12,sudan,SDN,,,0
SD13030,Ar Rahad,SD13,North Kordofan,2021,7568,7568.0,7568.0,1,sudan,SDN,,,0
SD13030,Ar Rahad,SD13,North Kordofan,2022,5902,5902.0,5902.0,2,sudan,SDN,,,0
SD13030,Ar Rahad,SD13,North Kordofan,2023,37343,19242.657894736843,23540.0,33,sudan,SDN,,,0
SD13030,Ar Rahad,SD13,North Kordofan,2024,56176,37715.17647058824,39847.0,30,sudan,SDN,,,0
SD13030,Ar Rahad,SD13,North Kordofan,2025,46426,41439.5,41393.0,12,sudan,SDN,,,0
SD14037,Abu Hujar,SD14,Sennar,2023,58566,35972.52631578947,42470.0,33,sudan,SDN,,,0
SD14037,Abu Hujar,SD14,Sennar,2024,55928,38577.470588235294,48593.0,30,sudan,SDN,,,0
SD14037,Abu Hujar,SD14,Sennar,2025,1550,963.6666666666666,907.5,12,sudan,SDN,,,0
SD14038,Sennar,SD14,Sennar,2023,126641,47867.86842105263,49884.0,33,sudan,SDN,SDN.13.2_1,0.0,0
SD14038,Sennar,SD14,Sennar,2024,149234,90724.17647058824,117006.0,30,sudan,SDN,SDN.13.2_1,0.0,0
SD14038,Sennar,SD14,Sennar,2025,36703,15122.5,8319.0,12,sudan,SDN,SDN.13.2_1,0.0,0
SD14039,Ad Dali,SD14,Sennar,2022,7130,7130.0,7130.0,1,sudan,SDN,,,0
SD14039,Ad Dali,SD14,Sennar,2023,53831,25245.055555555555,24105.0,33,sudan,SDN,,,0
SD14039,Ad Dali,SD14,Sennar,2024,64062,47327.117647058825,47187.0,30,sudan,SDN,,,0
SD14039,Ad Dali,SD14,Sennar,2025,12271,8941.333333333334,7197.0,12,sudan,SDN,,,0
SD14040,Ad Dinder,SD14,Sennar,2022,693,693.0,693.0,1,sudan,SDN,SDN.13.1_1,0.0,0
SD14040,Ad Dinder,SD14,Sennar,2023,62296,42765.05263157895,55150.0,33,sudan,SDN,SDN.13.1_1,0.0,0
SD14040,Ad Dinder,SD14,Sennar,2024,65160,48382.5,58341.0,30,sudan,SDN,SDN.13.1_1,0.0,0
SD14040,Ad Dinder,SD14,Sennar,2025,28557,21782.833333333332,27952.0,12,sudan,SDN,SDN.13.1_1,0.0,0
SD14041,As Suki,SD14,Sennar,2022,1700,1700.0,1700.0,1,sudan,SDN,,,0
SD14041,As Suki,SD14,Sennar,2023,67474,41489.57894736842,49899.0,33,sudan,SDN,,,0
SD14041,As Suki,SD14,Sennar,2024,112934,69445.58823529411,65755.0,30,sudan,SDN,,,0
SD14041,As Suki,SD14,Sennar,2025,37747,24524.5,23526.0,12,sudan,SDN,,,0
SD14042,Sharg Sennar,SD14,Sennar,2023,51356,34310.13157894737,41172.5,33,sudan,SDN,,,0
SD14042,Sharg Sennar,SD14,Sennar,2024,60613,51564.23529411765,53530.0,30,sudan,SDN,,,0
SD14042,Sharg Sennar,SD14,Sennar,2025,27905,12504.166666666666,9975.0,12,sudan,SDN,,,0
SD14043,Sinja,SD14,Sennar,2023,57131,34740.92105263158,38678.0,33,sudan,SDN,,,0
SD14043,Sinja,SD14,Sennar,2024,76117,43078.294117647056,50703.0,30,sudan,SDN,,,0
SD14043,Sinja,SD14,Sennar,2025,24153,16274.5,14958.0,12,sudan,SDN,,,0
SD15030,Medani Al Kubra,SD15,Aj Jazirah,2023,87468,51663.89473684211,44023.5,33,sudan,SDN,,,0
SD15030,Medani Al Kubra,SD15,Aj Jazirah,2024,30977,18201.58823529412,22155.0,30,sudan,SDN,,,0
SD15030,Medani Al Kubra,SD15,Aj Jazirah,2025,8165,4391.75,3927.0,12,sudan,SDN,,,0
SD15031,Janub Al Jazirah,SD15,Aj Jazirah,2023,46523,24726.86842105263,24326.0,33,sudan,SDN,,,0
SD15031,Janub Al Jazirah,SD15,Aj Jazirah,2024,43903,19645.352941176472,23698.0,30,sudan,SDN,,,0
SD15031,Janub Al Jazirah,SD15,Aj Jazirah,2025,5560,2779.5,2270.0,12,sudan,SDN,,,0
SD15032,Um Algura,SD15,Aj Jazirah,2022,9700,9700.0,9700.0,1,sudan,SDN,,,0
SD15032,Um Algura,SD15,Aj Jazirah,2023,70293,35509.56756756757,41887.0,33,sudan,SDN,,,0
SD15032,Um Algura,SD15,Aj Jazirah,2024,61593,33721.76470588235,35131.0,30,sudan,SDN,,,0
SD15032,Um Algura,SD15,Aj Jazirah,2025,15465,9086.333333333334,9862.5,12,sudan,SDN,,,0
SD15033,Sharg Al Jazirah,SD15,Aj Jazirah,2023,84728,19268.684210526317,14150.0,33,sudan,SDN,,,0
SD15033,Sharg Al Jazirah,SD15,Aj Jazirah,2024,38313,27057.176470588234,31763.0,30,sudan,SDN,,,0
SD15033,Sharg Al Jazirah,SD15,Aj Jazirah,2025,3185,2107.5833333333335,2254.0,12,sudan,SDN,,,0
SD15034,Al Hasahisa,SD15,Aj Jazirah,2022,754,754.0,754.0,1,sudan,SDN,,,0
SD15034,Al Hasahisa,SD15,Aj Jazirah,2023,91346,42888.26315789474,23008.5,33,sudan,SDN,,,0
SD15034,Al Hasahisa,SD15,Aj Jazirah,2024,85623,38937.470588235294,54192.0,30,sudan,SDN,,,0
SD15034,Al Hasahisa,SD15,Aj Jazirah,2025,32455,17867.0,16335.5,12,sudan,SDN,,,0
SD15035,Al Kamlin,SD15,Aj Jazirah,2022,250,250.0,250.0,1,sudan,SDN,SDN.1.1_1,0.0,0
SD15035,Al Kamlin,SD15,Aj Jazirah,2023,85166,58559.36842105263,74813.5,33,sudan,SDN,SDN.1.1_1,0.0,0
SD15035,Al Kamlin,SD15,Aj Jazirah,2024,77577,66756.58823529411,67437.0,30,sudan,SDN,SDN.1.1_1,0.0,0
SD15035,Al Kamlin,SD15,Aj Jazirah,2025,55924,46283.416666666664,55924.0,12,sudan,SDN,SDN.1.1_1,0.0,0
SD15036,Al Manaqil,SD15,Aj Jazirah,2023,75075,29780.08108108108,31576.0,33,sudan,SDN,,,0
SD15036,Al Manaqil,SD15,Aj Jazirah,2024,102947,69574.61764705883,74252.0,30,sudan,SDN,,,0
SD15036,Al Manaqil,SD15,Aj Jazirah,2025,102947,33332.416666666664,13902.0,12,sudan,SDN,,,0
SD15037,Al Qurashi,SD15,Aj Jazirah,2023,96455,19577.945945945947,11187.0,33,sudan,SDN,,,0
SD15037,Al Qurashi,SD15,Aj Jazirah,2024,101307,79893.85294117648,77970.0,30,sudan,SDN,,,0
SD15037,Al Qurashi,SD15,Aj Jazirah,2025,185619,46327.25,12249.0,12,sudan,SDN,,,0
SD16008,Abu Hamad,SD16,River Nile,2023,69080,35815.94736842105,28100.0,33,sudan,SDN,SDN.12.1_1,0.0,0
SD16008,Abu Hamad,SD16,River Nile,2024,84500,65399.05882352941,69080.0,30,sudan,SDN,SDN.12.1_1,0.0,0
SD16008,Abu Hamad,SD16,River Nile,2025,86555,64468.333333333336,61375.0,12,sudan,SDN,SDN.12.1_1,0.0,0
SD16009,Al Matama,SD16,River Nile,2023,99434,79306.81578947368,90532.0,33,sudan,SDN,,,0
SD16009,Al Matama,SD16,River Nile,2024,190630,113096.82352941176,105867.5,30,sudan,SDN,,,0
SD16009,Al Matama,SD16,River Nile,2025,202832,111845.66666666667,92007.0,12,sudan,SDN,,,0
SD16010,Shendi,SD16,River Nile,2022,80,80.0,80.0,1,sudan,SDN,SDN.12.6_1,0.0,0
SD16010,Shendi,SD16,River Nile,2023,155264,107210.57894736843,100000.0,33,sudan,SDN,SDN.12.6_1,0.0,0
SD16010,Shendi,SD16,River Nile,2024,326113,215283.14705882352,191982.5,30,sudan,SDN,SDN.12.6_1,0.0,0
SD16010,Shendi,SD16,River Nile,2025,327913,167501.08333333334,135526.0,12,sudan,SDN,SDN.12.6_1,0.0,0
SD16011,Ad Damar,SD16,River Nile,2022,3307,3307.0,3307.0,1,sudan,SDN,,,0
SD16011,Ad Damar,SD16,River Nile,2023,143000,95493.0,108123.0,33,sudan,SDN,,,0
SD16011,Ad Damar,SD16,River Nile,2024,183437,155167.5588235294,149269.0,30,sudan,SDN,,,0
SD16011,Ad Damar,SD16,River Nile,2025,156737,81907.16666666667,62152.5,12,sudan,SDN,,,0
SD16012,Atbara,SD16,River Nile,2023,153574,78134.34210526316,90740.0,33,sudan,SDN,SDN.12.4_1,0.0,0
SD16012,Atbara,SD16,River Nile,2024,169642,152511.79411764705,155664.0,30,sudan,SDN,SDN.12.4_1,0.0,0
SD16012,Atbara,SD16,River Nile,2025,116730,83845.08333333333,77415.0,12,sudan,SDN,SDN.12.4_1,0.0,0
SD16013,Barbar,SD16,River Nile,2023,48606,22413.052631578947,8617.0,33,sudan,SDN,,,0
SD16013,Barbar,SD16,River Nile,2024,152438,41523.294117647056,21071.0,30,sudan,SDN,,,0
SD16013,Barbar,SD16,River Nile,2025,170611,129357.58333333333,123393.0,12,sudan,SDN,,,0
SD16014,Al Buhaira,SD16,River Nile,2023,57685,38921.857142857145,31152.0,33,sudan,SDN,,,0
SD16014,Al Buhaira,SD16,River Nile,2024,57995,29763.79411764706,25240.0,30,sudan,SDN,,,0
SD16014,Al Buhaira,SD16,River Nile,2025,8408,4247.25,4127.5,12,sudan,SDN,,,0
SD17014,Halfa,SD17,Northern,2023,54165,44042.21621621621,52205.0,33,sudan,SDN,,,0
SD17014,Halfa,SD17,Northern,2024,62339,41079.64705882353,38093.0,30,sudan,SDN,,,0
SD17014,Halfa,SD17,Northern,2025,62414,51437.0,49503.0,12,sudan,SDN,,,0
SD17015,Delgo,SD17,Northern,2023,44760,41164.40540540541,43840.0,33,sudan,SDN,,,0
SD17015,Delgo,SD17,Northern,2024,47480,42655.73529411765,40760.0,30,sudan,SDN,,,0
SD17015,Delgo,SD17,Northern,2025,34643,34163.0,34283.0,12,sudan,SDN,,,0
SD17016,Al Burgaig,SD17,Northern,2022,6496,6496.0,6496.0,1,sudan,SDN,,,0
SD17016,Al Burgaig,SD17,Northern,2023,54065,36698.78378378379,39514.0,33,sudan,SDN,,,0
SD17016,Al Burgaig,SD17,Northern,2024,64541,57603.17647058824,55319.0,30,sudan,SDN,,,0
SD17016,Al Burgaig,SD17,Northern,2025,64666,54545.75,56243.5,12,sudan,SDN,,,0
SD17017,Dongola,SD17,Northern,2022,630,630.0,630.0,1,sudan,SDN,SDN.10.2_1,1.0,0
SD17017,Dongola,SD17,Northern,2023,59706,44559.89189189189,49961.0,33,sudan,SDN,SDN.10.2_1,1.0,0
SD17017,Dongola,SD17,Northern,2024,89932,57871.205882352944,56350.0,30,sudan,SDN,SDN.10.2_1,1.0,0
SD17017,Dongola,SD17,Northern,2025,98947,91013.0,90420.5,12,sudan,SDN,SDN.10.2_1,1.0,0
SD17018,Al Golid,SD17,Northern,2023,41876,36682.10810810811,40310.0,33,sudan,SDN,,,0
SD17018,Al Golid,SD17,Northern,2024,69167,61916.94117647059,60602.0,30,sudan,SDN,,,0
SD17018,Al Golid,SD17,Northern,2025,69853,61781.166666666664,61289.0,12,sudan,SDN,,,0
SD17019,Ad Dabbah,SD17,Northern,2023,77038,63916.56756756757,68493.0,33,sudan,SDN,,,0
SD17019,Ad Dabbah,SD17,Northern,2024,120445,76482.44117647059,65625.0,30,sudan,SDN,,,0
SD17019,Ad Dabbah,SD17,Northern,2025,123329,118955.33333333333,118474.0,12,sudan,SDN,,,0
SD17020,Merwoe,SD17,Northern,2022,525,525.0,525.0,1,sudan,SDN,,,0
SD17020,Merwoe,SD17,Northern,2023,72871,59967.76315789474,67343.0,33,sudan,SDN,,,0
SD17020,Merwoe,SD17,Northern,2024,126804,91355.58823529411,83510.0,30,sudan,SDN,,,0
SD17020,Merwoe,SD17,Northern,2025,134602,117537.91666666667,114878.0,12,sudan,SDN,,,0
SD18021,Ghubaish,SD18,West Kordofan,2019,20776,20776.0,20776.0,1,sudan,SDN,,,0
SD18021,Ghubaish,SD18,West Kordofan,2020,6344,6344.0,6344.0,1,sudan,SDN,,,0
SD18021,Ghubaish,SD18,West Kordofan,2021,7172,6862.5,6862.5,2,sudan,SDN,,,0
SD18021,Ghubaish,SD18,West Kordofan,2022,6708,6708.0,6708.0,2,sudan,SDN,,,0
SD18021,Ghubaish,SD18,West Kordofan,2023,13436,5959.958333333333,5376.5,22,sudan,SDN,,,0
SD18021,Ghubaish,SD18,West Kordofan,2024,14033,10498.029411764706,10645.0,30,sudan,SDN,,,0
SD18021,Ghubaish,SD18,West Kordofan,2025,22153,19343.666666666668,22153.0,12,sudan,SDN,,,0
SD18022,An Nuhud,SD18,West Kordofan,2019,3768,3768.0,3768.0,1,sudan,SDN,,,0
SD18022,An Nuhud,SD18,West Kordofan,2020,4181,4181.0,4181.0,1,sudan,SDN,,,0
SD18022,An Nuhud,SD18,West Kordofan,2021,4440,4310.5,4310.5,2,sudan,SDN,,,0
SD18022,An Nuhud,SD18,West Kordofan,2022,15372,15372.0,15372.0,2,sudan,SDN,,,0
SD18022,An Nuhud,SD18,West Kordofan,2023,44992,12583.28,7500.0,23,sudan,SDN,,,0
SD18022,An Nuhud,SD18,West Kordofan,2024,47147,31800.176470588234,31575.0,30,sudan,SDN,,,0
SD18022,An Nuhud,SD18,West Kordofan,2025,77176,65426.75,72994.0,12,sudan,SDN,,,0
SD18028,Abu Zabad,SD18,West Kordofan,2019,3943,3943.0,3943.0,1,sudan,SDN,,,0
SD18028,Abu Zabad,SD18,West Kordofan,2020,2415,2415.0,2415.0,1,sudan,SDN,,,0
SD18028,Abu Zabad,SD18,West Kordofan,2021,2415,2131.0,2131.0,2,sudan,SDN,,,0
SD18028,Abu Zabad,SD18,West Kordofan,2022,5595,5595.0,5595.0,2,sudan,SDN,,,0
SD18028,Abu Zabad,SD18,West Kordofan,2023,17485,4752.828571428571,3434.0,33,sudan,SDN,,,0
SD18028,Abu Zabad,SD18,West Kordofan,2024,30109,18213.70588235294,13640.5,30,sudan,SDN,,,0
SD18028,Abu Zabad,SD18,West Kordofan,2025,35600,33576.5,34546.0,12,sudan,SDN,,,0
SD18029,Wad Bandah,SD18,West Kordofan,2019,352,352.0,352.0,1,sudan,SDN,,,0
SD18029,Wad Bandah,SD18,West Kordofan,2020,1620,1620.0,1620.0,1,sudan,SDN,,,0
SD18029,Wad Bandah,SD18,West Kordofan,2021,1620,1069.5,1069.5,2,sudan,SDN,,,0
SD18029,Wad Bandah,SD18,West Kordofan,2022,1380,1380.0,1380.0,2,sudan,SDN,,,0
SD18029,Wad Bandah,SD18,West Kordofan,2023,6277,3985.08,4453.0,23,sudan,SDN,,,0
SD18029,Wad Bandah,SD18,West Kordofan,2024,7059,5740.14705882353,5517.5,30,sudan,SDN,,,0
SD18029,Wad Bandah,SD18,West Kordofan,2025,14302,10739.5,10987.5,12,sudan,SDN,,,0
SD18085,Keilak,SD18,West Kordofan,2017,7785,7785.0,7785.0,1,sudan,SDN,,,0
SD18085,Keilak,SD18,West Kordofan,2018,7785,7785.0,7785.0,4,sudan,SDN,,,0
SD18085,Keilak,SD18,West Kordofan,2019,7785,7785.0,7785.0,1,sudan,SDN,,,0
SD18085,Keilak,SD18,West Kordofan,2020,4775,4775.0,4775.0,1,sudan,SDN,,,0
SD18085,Keilak,SD18,West Kordofan,2021,9497,6453.0,6453.0,2,sudan,SDN,,,0
SD18085,Keilak,SD18,West Kordofan,2022,7828,7828.0,7828.0,2,sudan,SDN,,,0
SD18085,Keilak,SD18,West Kordofan,2023,11971,1807.9655172413793,1208.0,27,sudan,SDN,,,0
SD18085,Keilak,SD18,West Kordofan,2024,16863,8130.058823529412,8301.5,30,sudan,SDN,,,0
SD18085,Keilak,SD18,West Kordofan,2025,19333,18042.583333333332,18018.0,12,sudan,SDN,,,0
SD18086,As Salam - WK,SD18,West Kordofan,2017,10170,10170.0,10170.0,1,sudan,SDN,,,0
SD18086,As Salam - WK,SD18,West Kordofan,2018,10170,10170.0,10170.0,4,sudan,SDN,,,0
SD18086,As Salam - WK,SD18,West Kordofan,2019,10170,10170.0,10170.0,1,sudan,SDN,,,0
SD18086,As Salam - WK,SD18,West Kordofan,2020,11770,11770.0,11770.0,1,sudan,SDN,,,0
SD18086,As Salam - WK,SD18,West Kordofan,2021,11770,6899.0,6899.0,2,sudan,SDN,,,0
SD18086,As Salam - WK,SD18,West Kordofan,2022,21105,21105.0,21105.0,2,sudan,SDN,,,0
SD18086,As Salam - WK,SD18,West Kordofan,2023,22081,4801.885714285714,4447.0,33,sudan,SDN,,,0
SD18086,As Salam - WK,SD18,West Kordofan,2024,32913,21474.323529411766,20182.0,30,sudan,SDN,,,0
SD18086,As Salam - WK,SD18,West Kordofan,2025,38521,36649.25,37586.0,12,sudan,SDN,,,0
SD18087,Abyei,SD18,West Kordofan,2017,18467,14024.5,14024.5,2,sudan,SDN,SDN.17.1_1,1.0,0
SD18087,Abyei,SD18,West Kordofan,2018,18467,18467.0,18467.0,4,sudan,SDN,SDN.17.1_1,1.0,0
SD18087,Abyei,SD18,West Kordofan,2019,18467,18467.0,18467.0,1,sudan,SDN,SDN.17.1_1,1.0,0
SD18087,Abyei,SD18,West Kordofan,2020,13472,13472.0,13472.0,1,sudan,SDN,SDN.17.1_1,1.0,0
SD18087,Abyei,SD18,West Kordofan,2021,15225,14798.5,14798.5,2,sudan,SDN,SDN.17.1_1,1.0,0
SD18087,Abyei,SD18,West Kordofan,2022,15720,15720.0,15720.0,2,sudan,SDN,SDN.17.1_1,1.0,0
SD18087,Abyei,SD18,West Kordofan,2023,19140,3118.8571428571427,3053.0,33,sudan,SDN,SDN.17.1_1,1.0,0
SD18087,Abyei,SD18,West Kordofan,2024,22418,12625.617647058823,11960.0,30,sudan,SDN,SDN.17.1_1,1.0,0
SD18087,Abyei,SD18,West Kordofan,2025,22413,22413.0,22413.0,12,sudan,SDN,SDN.17.1_1,1.0,0
SD18092,As Sunut,SD18,West Kordofan,2019,3512,3512.0,3512.0,1,sudan,SDN,,,0
SD18092,As Sunut,SD18,West Kordofan,2020,3522,3522.0,3522.0,1,sudan,SDN,,,0
SD18092,As Sunut,SD18,West Kordofan,2021,4951,4236.5,4236.5,2,sudan,SDN,,,0
SD18092,As Sunut,SD18,West Kordofan,2022,6713,6713.0,6713.0,2,sudan,SDN,,,0
SD18092,As Sunut,SD18,West Kordofan,2023,7361,1767.6,1286.0,23,sudan,SDN,,,0
SD18092,As Sunut,SD18,West Kordofan,2024,8774,5424.735294117647,5402.5,30,sudan,SDN,,,0
SD18092,As Sunut,SD18,West Kordofan,2025,11467,10645.833333333334,10992.0,12,sudan,SDN,,,0
SD18100,Babanusa,SD18,West Kordofan,2017,12060,12060.0,12060.0,2,sudan,SDN,,,0
SD18100,Babanusa,SD18,West Kordofan,2018,12060,12060.0,12060.0,4,sudan,SDN,,,0
SD18100,Babanusa,SD18,West Kordofan,2019,12060,12060.0,12060.0,1,sudan,SDN,,,0
SD18100,Babanusa,SD18,West Kordofan,2020,11535,11535.0,11535.0,1,sudan,SDN,,,0
SD18100,Babanusa,SD18,West Kordofan,2021,11535,11404.5,11404.5,2,sudan,SDN,,,0
SD18100,Babanusa,SD18,West Kordofan,2022,11248,11248.0,11248.0,2,sudan,SDN,,,0
SD18100,Babanusa,SD18,West Kordofan,2023,28089,6008.84375,3409.0,30,sudan,SDN,,,0
SD18100,Babanusa,SD18,West Kordofan,2024,34417,28361.08823529412,28858.0,30,sudan,SDN,,,0
SD18100,Babanusa,SD18,West Kordofan,2025,32587,30111.083333333332,30031.5,12,sudan,SDN,,,0
SD18102,Al Lagowa,SD18,West Kordofan,2017,5702,5702.0,5702.0,2,sudan,SDN,,,0
SD18102,Al Lagowa,SD18,West Kordofan,2018,5702,5702.0,5702.0,4,sudan,SDN,,,0
SD18102,Al Lagowa,SD18,West Kordofan,2019,5702,5702.0,5702.0,1,sudan,SDN,,,0
SD18102,Al Lagowa,SD18,West Kordofan,2020,7545,7545.0,7545.0,1,sudan,SDN,,,0
SD18102,Al Lagowa,SD18,West Kordofan,2021,11177,9984.0,9984.0,2,sudan,SDN,,,0
SD18102,Al Lagowa,SD18,West Kordofan,2022,13315,13315.0,13315.0,2,sudan,SDN,,,0
SD18102,Al Lagowa,SD18,West Kordofan,2023,21876,3164.0,1656.0,23,sudan,SDN,,,0
SD18102,Al Lagowa,SD18,West Kordofan,2024,21527,12746.117647058823,12867.0,30,sudan,SDN,,,0
SD18102,Al Lagowa,SD18,West Kordofan,2025,22408,21969.833333333332,22058.0,12,sudan,SDN,,,0
SD18103,Al Dibab,SD18,West Kordofan,2020,1648,1648.0,1648.0,1,sudan,SDN,,,0
SD18103,Al Dibab,SD18,West Kordofan,2021,4846,3247.0,3247.0,2,sudan,SDN,,,0
SD18103,Al Dibab,SD18,West Kordofan,2022,5116,5116.0,5116.0,2,sudan,SDN,,,0
SD18103,Al Dibab,SD18,West Kordofan,2023,13825,5939.92,7124.0,23,sudan,SDN,,,0
SD18103,Al Dibab,SD18,West Kordofan,2024,21146,17726.70588235294,18588.0,30,sudan,SDN,,,0
SD18103,Al Dibab,SD18,West Kordofan,2025,22541,22308.5,22541.0,12,sudan,SDN,,,0
SD18104,Al Idia,SD18,West Kordofan,2020,2591,2591.0,2591.0,1,sudan,SDN,,,0
SD18104,Al Idia,SD18,West Kordofan,2021,30590,22216.0,22216.0,2,sudan,SDN,,,0
SD18104,Al Idia,SD18,West Kordofan,2022,26485,26485.0,26485.0,2,sudan,SDN,,,0
SD18104,Al Idia,SD18,West Kordofan,2023,38607,6358.88,3809.0,23,sudan,SDN,,,0
SD18104,Al Idia,SD18,West Kordofan,2024,97570,54535.5,42279.0,30,sudan,SDN,,,0
SD18104,Al Idia,SD18,West Kordofan,2025,97570,76971.91666666667,72275.5,12,sudan,SDN,,,0
SD18105,Al Khiwai,SD18,West Kordofan,2020,201,201.0,201.0,1,sudan,SDN,,,0
SD18105,Al Khiwai,SD18,West Kordofan,2021,330,265.5,265.5,2,sudan,SDN,,,0
SD18105,Al Khiwai,SD18,West Kordofan,2022,240,240.0,240.0,2,sudan,SDN,,,0
SD18105,Al Khiwai,SD18,West Kordofan,2023,6813,4128.961538461538,3349.5,24,sudan,SDN,,,0
SD18105,Al Khiwai,SD18,West Kordofan,2024,9583,7712.705882352941,7584.0,30,sudan,SDN,,,0
SD18105,Al Khiwai,SD18,West Kordofan,2025,18339,13472.5,14544.0,12,sudan,SDN,,,0
SD18106,Al Meiram,SD18,West Kordofan,2020,1396,1396.0,1396.0,1,sudan,SDN,,,0
SD18106,Al Meiram,SD18,West Kordofan,2021,2296,1846.0,1846.0,2,sudan,SDN,,,0
SD18106,Al Meiram,SD18,West Kordofan,2022,3388,3388.0,3388.0,2,sudan,SDN,,,0
SD18106,Al Meiram,SD18,West Kordofan,2023,6223,1605.7777777777778,1268.0,25,sudan,SDN,,,0
SD18106,Al Meiram,SD18,West Kordofan,2024,36973,14386.20588235294,6324.0,30,sudan,SDN,,,0
SD18106,Al Meiram,SD18,West Kordofan,2025,36973,17359.583333333332,11069.0,12,sudan,SDN,,,0
SD19001,Abyei PCA area,SD19,Abyei PCA,2021,6579,6579.0,6579.0,1,sudan,SDN,,,0
